time_gmt,observed_m,predicted_m,residual_m,minor_flood_threshold_m,water_level_above_threshold_m
2025-08-16 00:00,-0.279,-0.397,0.118,0.5700000000000003,0.0
2025-08-16 00:06,-0.305,,,0.5700000000000003,0.0
2025-08-16 00:12,-0.345,,,0.5700000000000003,0.0
2025-08-16 00:18,-0.378,,,0.5700000000000003,0.0
2025-08-16 00:24,-0.417,,,0.5700000000000003,0.0
2025-08-16 00:30,-0.442,,,0.5700000000000003,0.0
2025-08-16 00:36,-0.462,,,0.5700000000000003,0.0
2025-08-16 00:42,-0.488,,,0.5700000000000003,0.0
2025-08-16 00:48,-0.514,,,0.5700000000000003,0.0
2025-08-16 00:54,-0.541,,,0.5700000000000003,0.0
2025-08-16 01:00,-0.573,-0.677,0.10400000000000009,0.5700000000000003,0.0
2025-08-16 01:06,-0.606,,,0.5700000000000003,0.0
2025-08-16 01:12,-0.639,,,0.5700000000000003,0.0
2025-08-16 01:18,-0.661,,,0.5700000000000003,0.0
2025-08-16 01:24,-0.681,,,0.5700000000000003,0.0
2025-08-16 01:30,-0.701,,,0.5700000000000003,0.0
2025-08-16 01:36,-0.723,,,0.5700000000000003,0.0
2025-08-16 01:42,-0.769,,,0.5700000000000003,0.0
2025-08-16 01:48,-0.809,,,0.5700000000000003,0.0
2025-08-16 01:54,-0.82,,,0.5700000000000003,0.0
2025-08-16 02:00,-0.838,-0.953,0.11499999999999999,0.5700000000000003,0.0
2025-08-16 02:06,-0.854,,,0.5700000000000003,0.0
2025-08-16 02:12,-0.877,,,0.5700000000000003,0.0
2025-08-16 02:18,-0.909,,,0.5700000000000003,0.0
2025-08-16 02:24,-0.939,,,0.5700000000000003,0.0
2025-08-16 02:30,-0.964,,,0.5700000000000003,0.0
2025-08-16 02:36,-0.986,,,0.5700000000000003,0.0
2025-08-16 02:42,-1.01,,,0.5700000000000003,0.0
2025-08-16 02:48,-1.042,,,0.5700000000000003,0.0
2025-08-16 02:54,-1.05,,,0.5700000000000003,0.0
2025-08-16 03:00,-1.059,-1.187,0.1280000000000001,0.5700000000000003,0.0
2025-08-16 03:06,-1.088,,,0.5700000000000003,0.0
2025-08-16 03:12,-1.112,,,0.5700000000000003,0.0
2025-08-16 04:00,,-1.344,,0.5700000000000003,
2025-08-16 05:00,,-1.402,,0.5700000000000003,
2025-08-16 06:00,,-1.365,,0.5700000000000003,
2025-08-16 07:00,,-1.259,,0.5700000000000003,
2025-08-16 08:00,,-1.117,,0.5700000000000003,
2025-08-16 09:00,,-0.972,,0.5700000000000003,
2025-08-16 10:00,,-0.86,,0.5700000000000003,
2025-08-16 11:00,,-0.808,,0.5700000000000003,
2025-08-16 12:00,,-0.819,,0.5700000000000003,
2025-08-16 13:00,,-0.867,,0.5700000000000003,
2025-08-16 14:00,,-0.918,,0.5700000000000003,
2025-08-16 15:00,,-0.945,,0.5700000000000003,
2025-08-16 16:00,,-0.926,,0.5700000000000003,
2025-08-16 17:00,,-0.843,,0.5700000000000003,
2025-08-16 18:00,,-0.695,,0.5700000000000003,
2025-08-16 19:00,,-0.501,,0.5700000000000003,
2025-08-16 20:00,,-0.299,,0.5700000000000003,
2025-08-16 21:00,,-0.124,,0.5700000000000003,
2025-08-16 22:00,,-0.012,,0.5700000000000003,
2025-08-16 23:00,,0.0,,0.5700000000000003,
2025-08-17 00:00,,-0.104,,0.5700000000000003,
2025-08-17 01:00,,-0.312,,0.5700000000000003,
2025-08-17 02:00,,-0.585,,0.5700000000000003,
2025-08-17 03:00,,-0.882,,0.5700000000000003,
2025-08-17 04:00,,-1.165,,0.5700000000000003,
2025-08-17 05:00,,-1.392,,0.5700000000000003,
2025-08-17 06:00,,-1.527,,0.5700000000000003,
2025-08-17 07:00,,-1.553,,0.5700000000000003,
2025-08-17 08:00,,-1.481,,0.5700000000000003,
2025-08-17 09:00,,-1.336,,0.5700000000000003,
2025-08-17 10:00,,-1.15,,0.5700000000000003,
2025-08-17 11:00,,-0.965,,0.5700000000000003,
2025-08-17 12:00,,-0.827,,0.5700000000000003,
2025-08-17 13:00,,-0.758,,0.5700000000000003,
2025-08-17 14:00,,-0.745,,0.5700000000000003,
2025-08-17 15:00,,-0.764,,0.5700000000000003,
2025-08-17 16:00,,-0.795,,0.5700000000000003,
2025-08-17 17:00,,-0.811,,0.5700000000000003,
2025-08-17 18:00,,-0.78,,0.5700000000000003,
2025-08-17 19:00,,-0.682,,0.5700000000000003,
2025-08-17 20:00,,-0.523,,0.5700000000000003,
2025-08-17 21:00,,-0.333,,0.5700000000000003,
2025-08-17 22:00,,-0.144,,0.5700000000000003,
2025-08-17 23:00,,0.005,,0.5700000000000003,
2025-08-18 00:00,,0.062,,0.5700000000000003,
2025-08-18 01:00,,-0.009,,0.5700000000000003,
2025-08-18 02:00,,-0.204,,0.5700000000000003,
2025-08-18 03:00,,-0.491,,0.5700000000000003,
2025-08-18 04:00,,-0.831,,0.5700000000000003,
2025-08-18 05:00,,-1.181,,0.5700000000000003,
2025-08-18 06:00,,-1.482,,0.5700000000000003,
2025-08-18 07:00,,-1.676,,0.5700000000000003,
2025-08-18 08:00,,-1.734,,0.5700000000000003,
2025-08-18 09:00,,-1.661,,0.5700000000000003,
2025-08-18 10:00,,-1.479,,0.5700000000000003,
2025-08-18 11:00,,-1.226,,0.5700000000000003,
2025-08-18 12:00,,-0.962,,0.5700000000000003,
2025-08-18 13:00,,-0.756,,0.5700000000000003,
2025-08-18 14:00,,-0.64,,0.5700000000000003,
2025-08-18 15:00,,-0.61,,0.5700000000000003,
2025-08-18 16:00,,-0.645,,0.5700000000000003,
2025-08-18 17:00,,-0.721,,0.5700000000000003,
2025-08-18 18:00,,-0.795,,0.5700000000000003,
2025-08-18 19:00,,-0.814,,0.5700000000000003,
2025-08-18 20:00,,-0.746,,0.5700000000000003,
2025-08-18 21:00,,-0.594,,0.5700000000000003,
2025-08-18 22:00,,-0.383,,0.5700000000000003,
2025-08-18 23:00,,-0.147,,0.5700000000000003,
2025-08-19 00:00,,0.056,,0.5700000000000003,
2025-08-19 01:00,,0.154,,0.5700000000000003,
2025-08-19 02:00,,0.1,,0.5700000000000003,
2025-08-19 03:00,,-0.105,,0.5700000000000003,
2025-08-19 04:00,,-0.429,,0.5700000000000003,
2025-08-19 05:00,,-0.831,,0.5700000000000003,
2025-08-19 06:00,,-1.25,,0.5700000000000003,
2025-08-19 07:00,,-1.604,,0.5700000000000003,
2025-08-19 08:00,,-1.823,,0.5700000000000003,
2025-08-19 09:00,,-1.875,,0.5700000000000003,
2025-08-19 10:00,,-1.765,,0.5700000000000003,
2025-08-19 11:00,,-1.517,,0.5700000000000003,
2025-08-19 12:00,,-1.188,,0.5700000000000003,
2025-08-19 13:00,,-0.863,,0.5700000000000003,
2025-08-19 14:00,,-0.624,,0.5700000000000003,
2025-08-19 15:00,,-0.506,,0.5700000000000003,
2025-08-19 16:00,,-0.504,,0.5700000000000003,
2025-08-19 17:00,,-0.595,,0.5700000000000003,
2025-08-19 18:00,,-0.737,,0.5700000000000003,
2025-08-19 19:00,,-0.866,,0.5700000000000003,
2025-08-19 20:00,,-0.914,,0.5700000000000003,
2025-08-19 21:00,,-0.848,,0.5700000000000003,
2025-08-19 22:00,,-0.67,,0.5700000000000003,
2025-08-19 23:00,,-0.408,,0.5700000000000003,
2025-08-20 00:00,,-0.112,,0.5700000000000003,
2025-08-20 01:00,,0.137,,0.5700000000000003,
2025-08-20 02:00,,0.253,,0.5700000000000003,
2025-08-20 03:00,,0.189,,0.5700000000000003,
2025-08-20 04:00,,-0.052,,0.5700000000000003,
2025-08-20 05:00,,-0.435,,0.5700000000000003,
2025-08-20 06:00,,-0.901,,0.5700000000000003,
2025-08-20 07:00,,-1.367,,0.5700000000000003,
2025-08-20 08:00,,-1.737,,0.5700000000000003,
2025-08-20 09:00,,-1.94,,0.5700000000000003,
2025-08-20 10:00,,-1.947,,0.5700000000000003,
2025-08-20 11:00,,-1.766,,0.5700000000000003,
2025-08-20 12:00,,-1.441,,0.5700000000000003,
2025-08-20 13:00,,-1.05,,0.5700000000000003,
2025-08-20 14:00,,-0.699,,0.5700000000000003,
2025-08-20 15:00,,-0.469,,0.5700000000000003,
2025-08-20 16:00,,-0.392,,0.5700000000000003,
2025-08-20 17:00,,-0.457,,0.5700000000000003,
2025-08-20 18:00,,-0.624,,0.5700000000000003,
2025-08-20 19:00,,-0.828,,0.5700000000000003,
2025-08-20 20:00,,-0.989,,0.5700000000000003,
2025-08-20 21:00,,-1.039,,0.5700000000000003,
2025-08-20 22:00,,-0.943,,0.5700000000000003,
2025-08-20 23:00,,-0.712,,0.5700000000000003,
2025-08-21 00:00,,-0.387,,0.5700000000000003,
2025-08-21 01:00,,-0.042,,0.5700000000000003,
2025-08-21 02:00,,0.227,,0.5700000000000003,
2025-08-21 03:00,,0.329,,0.5700000000000003,
2025-08-21 04:00,,0.222,,0.5700000000000003,
2025-08-21 05:00,,-0.081,,0.5700000000000003,
2025-08-21 06:00,,-0.526,,0.5700000000000003,
2025-08-21 07:00,,-1.035,,0.5700000000000003,
2025-08-21 08:00,,-1.51,,0.5700000000000003,
2025-08-21 09:00,,-1.854,,0.5700000000000003,
2025-08-21 10:00,,-1.998,,0.5700000000000003,
2025-08-21 11:00,,-1.923,,0.5700000000000003,
2025-08-21 12:00,,-1.656,,0.5700000000000003,
2025-08-21 13:00,,-1.264,,0.5700000000000003,
2025-08-21 14:00,,-0.845,,0.5700000000000003,
2025-08-21 15:00,,-0.507,,0.5700000000000003,
2025-08-21 16:00,,-0.329,,0.5700000000000003,
2025-08-21 17:00,,-0.332,,0.5700000000000003,
2025-08-21 18:00,,-0.482,,0.5700000000000003,
2025-08-21 19:00,,-0.719,,0.5700000000000003,
2025-08-21 20:00,,-0.963,,0.5700000000000003,
2025-08-21 21:00,,-1.129,,0.5700000000000003,
2025-08-21 22:00,,-1.147,,0.5700000000000003,
2025-08-21 23:00,,-0.996,,0.5700000000000003,
2025-08-22 00:00,,-0.7,,0.5700000000000003,
2025-08-22 01:00,,-0.324,,0.5700000000000003,
2025-08-22 02:00,,0.041,,0.5700000000000003,
2025-08-22 03:00,,0.292,,0.5700000000000003,
2025-08-22 04:00,,0.344,,0.5700000000000003,
2025-08-22 05:00,,0.168,,0.5700000000000003,
2025-08-22 06:00,,-0.202,,0.5700000000000003,
2025-08-22 07:00,,-0.69,,0.5700000000000003,
2025-08-22 08:00,,-1.206,,0.5700000000000003,
2025-08-22 09:00,,-1.648,,0.5700000000000003,
2025-08-22 10:00,,-1.921,,0.5700000000000003,
2025-08-22 11:00,,-1.968,,0.5700000000000003,
2025-08-22 12:00,,-1.793,,0.5700000000000003,
2025-08-22 13:00,,-1.448,,0.5700000000000003,
2025-08-22 14:00,,-1.018,,0.5700000000000003,
2025-08-22 15:00,,-0.609,,0.5700000000000003,
2025-08-22 16:00,,-0.329,,0.5700000000000003,
2025-08-22 17:00,,-0.241,,0.5700000000000003,
2025-08-22 18:00,,-0.339,,0.5700000000000003,
2025-08-22 19:00,,-0.569,,0.5700000000000003,
2025-08-22 20:00,,-0.854,,0.5700000000000003,
2025-08-22 21:00,,-1.11,,0.5700000000000003,
2025-08-22 22:00,,-1.248,,0.5700000000000003,
2025-08-22 23:00,,-1.208,,0.5700000000000003,
2025-08-23 00:00,,-0.989,,0.5700000000000003,
2025-08-23 01:00,,-0.64,,0.5700000000000003,
2025-08-23 02:00,,-0.244,,0.5700000000000003,
2025-08-23 03:00,,0.104,,0.5700000000000003,
2025-08-23 04:00,,0.301,,0.5700000000000003,
2025-08-23 05:00,,0.273,,0.5700000000000003,
2025-08-23 06:00,,0.019,,0.5700000000000003,
2025-08-23 07:00,,-0.4,,0.5700000000000003,
2025-08-23 08:00,,-0.897,,0.5700000000000003,
2025-08-23 09:00,,-1.378,,0.5700000000000003,
2025-08-23 10:00,,-1.742,,0.5700000000000003,
2025-08-23 11:00,,-1.905,,0.5700000000000003,
2025-08-23 12:00,,-1.835,,0.5700000000000003,
2025-08-23 13:00,,-1.566,,0.5700000000000003,
2025-08-23 14:00,,-1.171,,0.5700000000000003,
2025-08-23 15:00,,-0.742,,0.5700000000000003,
2025-08-23 16:00,,-0.387,,0.5700000000000003,
2025-08-23 17:00,,-0.202,,0.5700000000000003,
2025-08-23 18:00,,-0.221,,0.5700000000000003,
2025-08-23 19:00,,-0.411,,0.5700000000000003,
2025-08-23 20:00,,-0.698,,0.5700000000000003,
2025-08-23 21:00,,-1.003,,0.5700000000000003,
2025-08-23 22:00,,-1.237,,0.5700000000000003,
2025-08-23 23:00,,-1.319,,0.5700000000000003,
2025-08-24 00:00,,-1.208,,0.5700000000000003,
2025-08-24 01:00,,-0.932,,0.5700000000000003,
2025-08-24 02:00,,-0.559,,0.5700000000000003,
2025-08-24 03:00,,-0.177,,0.5700000000000003,
2025-08-24 04:00,,0.116,,0.5700000000000003,
2025-08-24 05:00,,0.226,,0.5700000000000003,
2025-08-24 06:00,,0.11,,0.5700000000000003,
2025-08-24 07:00,,-0.203,,0.5700000000000003,
2025-08-24 08:00,,-0.637,,0.5700000000000003,
2025-08-24 09:00,,-1.103,,0.5700000000000003,
2025-08-24 10:00,,-1.506,,0.5700000000000003,
2025-08-24 11:00,,-1.754,,0.5700000000000003,
2025-08-24 12:00,,-1.786,,0.5700000000000003,
2025-08-24 13:00,,-1.607,,0.5700000000000003,
2025-08-24 14:00,,-1.273,,0.5700000000000003,
2025-08-24 15:00,,-0.866,,0.5700000000000003,
2025-08-24 16:00,,-0.483,,0.5700000000000003,
2025-08-24 17:00,,-0.221,,0.5700000000000003,
2025-08-24 18:00,,-0.15,,0.5700000000000003,
2025-08-24 19:00,,-0.271,,0.5700000000000003,
2025-08-24 20:00,,-0.529,,0.5700000000000003,
2025-08-24 21:00,,-0.845,,0.5700000000000003,
2025-08-24 22:00,,-1.138,,0.5700000000000003,
2025-08-24 23:00,,-1.321,,0.5700000000000003,
2025-08-25 00:00,,-1.331,,0.5700000000000003,
2025-08-25 01:00,,-1.159,,0.5700000000000003,
2025-08-25 02:00,,-0.852,,0.5700000000000003,
2025-08-25 03:00,,-0.489,,0.5700000000000003,
2025-08-25 04:00,,-0.158,,0.5700000000000003,
2025-08-25 05:00,,0.05,,0.5700000000000003,
2025-08-25 06:00,,0.067,,0.5700000000000003,
2025-08-25 07:00,,-0.12,,0.5700000000000003,
2025-08-25 08:00,,-0.459,,0.5700000000000003,
2025-08-25 09:00,,-0.869,,0.5700000000000003,
2025-08-25 10:00,,-1.261,,0.5700000000000003,
2025-08-25 11:00,,-1.549,,0.5700000000000003,
2025-08-25 12:00,,-1.661,,0.5700000000000003,
2025-08-25 13:00,,-1.572,,0.5700000000000003,
2025-08-25 14:00,,-1.313,,0.5700000000000003,
2025-08-25 15:00,,-0.953,,0.5700000000000003,
2025-08-25 16:00,,-0.581,,0.5700000000000003,
2025-08-25 17:00,,-0.283,,0.5700000000000003,
2025-08-25 18:00,,-0.136,,0.5700000000000003,
2025-08-25 19:00,,-0.174,,0.5700000000000003,
2025-08-25 20:00,,-0.374,,0.5700000000000003,
2025-08-25 21:00,,-0.671,,0.5700000000000003,
2025-08-25 22:00,,-0.983,,0.5700000000000003,
2025-08-25 23:00,,-1.232,,0.5700000000000003,
2025-08-26 00:00,,-1.348,,0.5700000000000003,
2025-08-26 01:00,,-1.294,,0.5700000000000003,
2025-08-26 02:00,,-1.084,,0.5700000000000003,
2025-08-26 03:00,,-0.779,,0.5700000000000003,
2025-08-26 04:00,,-0.461,,0.5700000000000003,
2025-08-26 05:00,,-0.21,,0.5700000000000003,
2025-08-26 06:00,,-0.095,,0.5700000000000003,
2025-08-26 07:00,,-0.154,,0.5700000000000003,
2025-08-26 08:00,,-0.377,,0.5700000000000003,
2025-08-26 09:00,,-0.702,,0.5700000000000003,
2025-08-26 10:00,,-1.046,,0.5700000000000003,
2025-08-26 11:00,,-1.33,,0.5700000000000003,
2025-08-26 12:00,,-1.486,,0.5700000000000003,
2025-08-26 13:00,,-1.473,,0.5700000000000003,
2025-08-26 14:00,,-1.293,,0.5700000000000003,
2025-08-26 15:00,,-0.995,,0.5700000000000003,
2025-08-26 16:00,,-0.658,,0.5700000000000003,
2025-08-26 17:00,,-0.361,,0.5700000000000003,
2025-08-26 18:00,,-0.171,,0.5700000000000003,
2025-08-26 19:00,,-0.134,,0.5700000000000003,
2025-08-26 20:00,,-0.258,,0.5700000000000003,
2025-08-26 21:00,,-0.507,,0.5700000000000003,
2025-08-26 22:00,,-0.808,,0.5700000000000003,
2025-08-26 23:00,,-1.084,,0.5700000000000003,
2025-08-27 00:00,,-1.272,,0.5700000000000003,
2025-08-27 01:00,,-1.327,,0.5700000000000003,
2025-08-27 02:00,,-1.231,,0.5700000000000003,
2025-08-27 03:00,,-1.014,,0.5700000000000003,
2025-08-27 04:00,,-0.746,,0.5700000000000003,
2025-08-27 05:00,,-0.499,,0.5700000000000003,
2025-08-27 06:00,,-0.335,,0.5700000000000003,
2025-08-27 07:00,,-0.296,,0.5700000000000003,
2025-08-27 08:00,,-0.398,,0.5700000000000003,
2025-08-27 09:00,,-0.617,,0.5700000000000003,
2025-08-27 10:00,,-0.888,,0.5700000000000003,
2025-08-27 11:00,,-1.133,,0.5700000000000003,
2025-08-27 12:00,,-1.293,,0.5700000000000003,
2025-08-27 13:00,,-1.329,,0.5700000000000003,
2025-08-27 14:00,,-1.223,,0.5700000000000003,
2025-08-27 15:00,,-0.995,,0.5700000000000003,
2025-08-27 16:00,,-0.707,,0.5700000000000003,
2025-08-27 17:00,,-0.434,,0.5700000000000003,
2025-08-27 18:00,,-0.235,,0.5700000000000003,
2025-08-27 19:00,,-0.147,,0.5700000000000003,
2025-08-27 20:00,,-0.196,,0.5700000000000003,
2025-08-27 21:00,,-0.374,,0.5700000000000003,
2025-08-27 22:00,,-0.635,,0.5700000000000003,
2025-08-27 23:00,,-0.906,,0.5700000000000003,
2025-08-28 00:00,,-1.129,,0.5700000000000003,
2025-08-28 01:00,,-1.261,,0.5700000000000003,
2025-08-28 02:00,,-1.275,,0.5700000000000003,
2025-08-28 03:00,,-1.168,,0.5700000000000003,
2025-08-28 04:00,,-0.978,,0.5700000000000003,
2025-08-28 05:00,,-0.773,,0.5700000000000003,
2025-08-28 06:00,,-0.606,,0.5700000000000003,
2025-08-28 07:00,,-0.512,,0.5700000000000003,
2025-08-28 08:00,,-0.514,,0.5700000000000003,
2025-08-28 09:00,,-0.621,,0.5700000000000003,
2025-08-28 10:00,,-0.798,,0.5700000000000003,
2025-08-28 11:00,,-0.982,,0.5700000000000003,
2025-08-28 12:00,,-1.116,,0.5700000000000003,
2025-08-28 13:00,,-1.166,,0.5700000000000003,
2025-08-28 14:00,,-1.115,,0.5700000000000003,
2025-08-28 15:00,,-0.959,,0.5700000000000003,
2025-08-28 16:00,,-0.731,,0.5700000000000003,
2025-08-28 17:00,,-0.496,,0.5700000000000003,
2025-08-28 18:00,,-0.309,,0.5700000000000003,
2025-08-28 19:00,,-0.2,,0.5700000000000003,
2025-08-28 20:00,,-0.19,,0.5700000000000003,
2025-08-28 21:00,,-0.29,,0.5700000000000003,
2025-08-28 22:00,,-0.485,,0.5700000000000003,
2025-08-28 23:00,,-0.722,,0.5700000000000003,
2025-08-29 00:00,,-0.946,,0.5700000000000003,
2025-08-29 01:00,,-1.119,,0.5700000000000003,
2025-08-29 02:00,,-1.217,,0.5700000000000003,
2025-08-29 03:00,,-1.219,,0.5700000000000003,
2025-08-29 04:00,,-1.133,,0.5700000000000003,
2025-08-29 05:00,,-0.999,,0.5700000000000003,
2025-08-29 06:00,,-0.865,,0.5700000000000003,
2025-08-29 07:00,,-0.76,,0.5700000000000003,
2025-08-29 08:00,,-0.703,,0.5700000000000003,
2025-08-29 09:00,,-0.712,,0.5700000000000003,
2025-08-29 10:00,,-0.785,,0.5700000000000003,
2025-08-29 11:00,,-0.889,,0.5700000000000003,
2025-08-29 12:00,,-0.976,,0.5700000000000003,
2025-08-29 13:00,,-1.014,,0.5700000000000003,
2025-08-29 14:00,,-0.99,,0.5700000000000003,
2025-08-29 15:00,,-0.894,,0.5700000000000003,
2025-08-29 16:00,,-0.736,,0.5700000000000003,
2025-08-29 17:00,,-0.55,,0.5700000000000003,
2025-08-29 18:00,,-0.387,,0.5700000000000003,
2025-08-29 19:00,,-0.276,,0.5700000000000003,
2025-08-29 20:00,,-0.231,,0.5700000000000003,
2025-08-29 21:00,,-0.263,,0.5700000000000003,
2025-08-29 22:00,,-0.376,,0.5700000000000003,
2025-08-29 23:00,,-0.55,,0.5700000000000003,
2025-08-30 00:00,,-0.745,,0.5700000000000003,
2025-08-30 01:00,,-0.927,,0.5700000000000003,
2025-08-30 02:00,,-1.073,,0.5700000000000003,
2025-08-30 03:00,,-1.166,,0.5700000000000003,
2025-08-30 04:00,,-1.19,,0.5700000000000003,
2025-08-30 05:00,,-1.153,,0.5700000000000003,
2025-08-30 06:00,,-1.082,,0.5700000000000003,
2025-08-30 07:00,,-1.002,,0.5700000000000003,
2025-08-30 08:00,,-0.928,,0.5700000000000003,
2025-08-30 09:00,,-0.873,,0.5700000000000003,
2025-08-30 10:00,,-0.85,,0.5700000000000003,
2025-08-30 11:00,,-0.861,,0.5700000000000003,
2025-08-30 12:00,,-0.884,,0.5700000000000003,
2025-08-30 13:00,,-0.892,,0.5700000000000003,
2025-08-30 14:00,,-0.87,,0.5700000000000003,
2025-08-30 15:00,,-0.813,,0.5700000000000003,
2025-08-30 16:00,,-0.72,,0.5700000000000003,
2025-08-30 17:00,,-0.597,,0.5700000000000003,
2025-08-30 18:00,,-0.471,,0.5700000000000003,
2025-08-30 19:00,,-0.369,,0.5700000000000003,
2025-08-30 20:00,,-0.306,,0.5700000000000003,
2025-08-30 21:00,,-0.287,,0.5700000000000003,
2025-08-30 22:00,,-0.32,,0.5700000000000003,
2025-08-30 23:00,,-0.41,,0.5700000000000003,
2025-08-31 00:00,,-0.548,,0.5700000000000003,
2025-08-31 01:00,,-0.708,,0.5700000000000003,
2025-08-31 02:00,,-0.871,,0.5700000000000003,
2025-08-31 03:00,,-1.022,,0.5700000000000003,
2025-08-31 04:00,,-1.142,,0.5700000000000003,
2025-08-31 05:00,,-1.215,,0.5700000000000003,
2025-08-31 06:00,,-1.235,,0.5700000000000003,
2025-08-31 07:00,,-1.211,,0.5700000000000003,
2025-08-31 08:00,,-1.154,,0.5700000000000003,
2025-08-31 09:00,,-1.073,,0.5700000000000003,
2025-08-31 10:00,,-0.983,,0.5700000000000003,
2025-08-31 11:00,,-0.904,,0.5700000000000003,
2025-08-31 12:00,,-0.846,,0.5700000000000003,
2025-08-31 13:00,,-0.806,,0.5700000000000003,
2025-08-31 14:00,,-0.769,,0.5700000000000003,
2025-08-31 15:00,,-0.73,,0.5700000000000003,
2025-08-31 16:00,,-0.686,,0.5700000000000003,
2025-08-31 17:00,,-0.63,,0.5700000000000003,
2025-08-31 18:00,,-0.559,,0.5700000000000003,
2025-08-31 19:00,,-0.48,,0.5700000000000003,
2025-08-31 20:00,,-0.409,,0.5700000000000003,
2025-08-31 21:00,,-0.354,,0.5700000000000003,
2025-08-31 22:00,,-0.32,,0.5700000000000003,
2025-08-31 23:00,,-0.321,,0.5700000000000003,
2025-09-01 00:00,,-0.375,,0.5700000000000003,
2025-09-01 01:00,,-0.484,,0.5700000000000003,
2025-09-01 02:00,,-0.636,,0.5700000000000003,
2025-09-01 03:00,,-0.813,,0.5700000000000003,
2025-09-01 04:00,,-1.002,,0.5700000000000003,
2025-09-01 05:00,,-1.178,,0.5700000000000003,
2025-09-01 06:00,,-1.307,,0.5700000000000003,
2025-09-01 07:00,,-1.366,,0.5700000000000003,
2025-09-01 08:00,,-1.355,,0.5700000000000003,
2025-09-01 09:00,,-1.283,,0.5700000000000003,
2025-09-01 10:00,,-1.161,,0.5700000000000003,
2025-09-01 11:00,,-1.009,,0.5700000000000003,
2025-09-01 12:00,,-0.866,,0.5700000000000003,
2025-09-01 13:00,,-0.758,,0.5700000000000003,
2025-09-01 14:00,,-0.69,,0.5700000000000003,
2025-09-01 15:00,,-0.652,,0.5700000000000003,
2025-09-01 16:00,,-0.64,,0.5700000000000003,
2025-09-01 17:00,,-0.643,,0.5700000000000003,
2025-09-01 18:00,,-0.638,,0.5700000000000003,
2025-09-01 19:00,,-0.604,,0.5700000000000003,
2025-09-01 20:00,,-0.54,,0.5700000000000003,
2025-09-01 21:00,,-0.461,,0.5700000000000003,
2025-09-01 22:00,,-0.375,,0.5700000000000003,
2025-09-01 23:00,,-0.294,,0.5700000000000003,
2025-09-02 00:00,,-0.25,,0.5700000000000003,
2025-09-02 01:00,,-0.278,,0.5700000000000003,
2025-09-02 02:00,,-0.388,,0.5700000000000003,
2025-09-02 03:00,,-0.565,,0.5700000000000003,
2025-09-02 04:00,,-0.793,,0.5700000000000003,
2025-09-02 05:00,,-1.047,,0.5700000000000003,
2025-09-02 06:00,,-1.284,,0.5700000000000003,
2025-09-02 07:00,,-1.45,,0.5700000000000003,
2025-09-02 08:00,,-1.516,,0.5700000000000003,
2025-09-02 09:00,,-1.48,,0.5700000000000003,
2025-09-02 10:00,,-1.356,,0.5700000000000003,
2025-09-02 11:00,,-1.162,,0.5700000000000003,
2025-09-02 12:00,,-0.943,,0.5700000000000003,
2025-09-02 13:00,,-0.754,,0.5700000000000003,
2025-09-02 14:00,,-0.632,,0.5700000000000003,
2025-09-02 15:00,,-0.579,,0.5700000000000003,
2025-09-02 16:00,,-0.582,,0.5700000000000003,
2025-09-02 17:00,,-0.629,,0.5700000000000003,
2025-09-02 18:00,,-0.691,,0.5700000000000003,
2025-09-02 19:00,,-0.722,,0.5700000000000003,
2025-09-02 20:00,,-0.695,,0.5700000000000003,
2025-09-02 21:00,,-0.61,,0.5700000000000003,
2025-09-02 22:00,,-0.484,,0.5700000000000003,
2025-09-02 23:00,,-0.335,,0.5700000000000003,
2025-09-03 00:00,,-0.196,,0.5700000000000003,
2025-09-03 01:00,,-0.122,,0.5700000000000003,
2025-09-03 02:00,,-0.154,,0.5700000000000003,
2025-09-03 03:00,,-0.3,,0.5700000000000003,
2025-09-03 04:00,,-0.539,,0.5700000000000003,
2025-09-03 05:00,,-0.844,,0.5700000000000003,
2025-09-03 06:00,,-1.17,,0.5700000000000003,
2025-09-03 07:00,,-1.448,,0.5700000000000003,
2025-09-03 08:00,,-1.616,,0.5700000000000003,
2025-09-03 09:00,,-1.647,,0.5700000000000003,
2025-09-03 10:00,,-1.547,,0.5700000000000003,
2025-09-03 11:00,,-1.34,,0.5700000000000003,
2025-09-03 12:00,,-1.067,,0.5700000000000003,
2025-09-03 13:00,,-0.798,,0.5700000000000003,
2025-09-03 14:00,,-0.6,,0.5700000000000003,
2025-09-03 15:00,,-0.505,,0.5700000000000003,
2025-09-03 16:00,,-0.508,,0.5700000000000003,
2025-09-03 17:00,,-0.586,,0.5700000000000003,
2025-09-03 18:00,,-0.706,,0.5700000000000003,
2025-09-03 19:00,,-0.812,,0.5700000000000003,
2025-09-03 20:00,,-0.851,,0.5700000000000003,
2025-09-03 21:00,,-0.794,,0.5700000000000003,
2025-09-03 22:00,,-0.652,,0.5700000000000003,
2025-09-03 23:00,,-0.45,,0.5700000000000003,
2025-09-04 00:00,,-0.228,,0.5700000000000003,
2025-09-04 01:00,,-0.047,,0.5700000000000003,
2025-09-04 02:00,,0.027,,0.5700000000000003,
2025-09-04 03:00,,-0.047,,0.5700000000000003,
2025-09-04 04:00,,-0.264,,0.5700000000000003,
2025-09-04 05:00,,-0.591,,0.5700000000000003,
2025-09-04 06:00,,-0.977,,0.5700000000000003,
2025-09-04 07:00,,-1.352,,0.5700000000000003,
2025-09-04 08:00,,-1.633,,0.5700000000000003,
2025-09-04 09:00,,-1.761,,0.5700000000000003,
2025-09-04 10:00,,-1.717,,0.5700000000000003,
2025-09-04 11:00,,-1.522,,0.5700000000000003,
2025-09-04 12:00,,-1.221,,0.5700000000000003,
2025-09-04 13:00,,-0.886,,0.5700000000000003,
2025-09-04 14:00,,-0.603,,0.5700000000000003,
2025-09-04 15:00,,-0.438,,0.5700000000000003,
2025-09-04 16:00,,-0.412,,0.5700000000000003,
2025-09-04 17:00,,-0.505,,0.5700000000000003,
2025-09-04 18:00,,-0.671,,0.5700000000000003,
2025-09-04 19:00,,-0.85,,0.5700000000000003,
2025-09-04 20:00,,-0.975,,0.5700000000000003,
2025-09-04 21:00,,-0.988,,0.5700000000000003,
2025-09-04 22:00,,-0.87,,0.5700000000000003,
2025-09-04 23:00,,-0.643,,0.5700000000000003,
2025-09-05 00:00,,-0.357,,0.5700000000000003,
2025-09-05 01:00,,-0.079,,0.5700000000000003,
2025-09-05 02:00,,0.113,,0.5700000000000003,
2025-09-05 03:00,,0.149,,0.5700000000000003,
2025-09-05 04:00,,0.0,,0.5700000000000003,
2025-09-05 05:00,,-0.311,,0.5700000000000003,
2025-09-05 06:00,,-0.727,,0.5700000000000003,
2025-09-05 07:00,,-1.17,,0.5700000000000003,
2025-09-05 08:00,,-1.554,,0.5700000000000003,
2025-09-05 09:00,,-1.795,,0.5700000000000003,
2025-09-05 10:00,,-1.84,,0.5700000000000003,
2025-09-05 11:00,,-1.689,,0.5700000000000003,
2025-09-05 12:00,,-1.387,,0.5700000000000003,
2025-09-05 13:00,,-1.01,,0.5700000000000003,
2025-09-05 14:00,,-0.648,,0.5700000000000003,
2025-09-05 15:00,,-0.393,,0.5700000000000003,
2025-09-05 16:00,,-0.304,,0.5700000000000003,
2025-09-05 17:00,,-0.381,,0.5700000000000003,
2025-09-05 18:00,,-0.577,,0.5700000000000003,
2025-09-05 19:00,,-0.821,,0.5700000000000003,
2025-09-05 20:00,,-1.035,,0.5700000000000003,
2025-09-05 21:00,,-1.148,,0.5700000000000003,
2025-09-05 22:00,,-1.105,,0.5700000000000003,
2025-09-05 23:00,,-0.903,,0.5700000000000003,
2025-09-06 00:00,,-0.587,,0.5700000000000003,
2025-09-06 01:00,,-0.234,,0.5700000000000003,
2025-09-06 02:00,,0.069,,0.5700000000000003,
2025-09-06 03:00,,0.235,,0.5700000000000003,
2025-09-06 04:00,,0.201,,0.5700000000000003,
2025-09-06 05:00,,-0.042,,0.5700000000000003,
2025-09-06 06:00,,-0.445,,0.5700000000000003,
2025-09-06 07:00,,-0.921,,0.5700000000000003,
2025-09-06 08:00,,-1.379,,0.5700000000000003,
2025-09-06 09:00,,-1.726,,0.5700000000000003,
2025-09-06 10:00,,-1.883,,0.5700000000000003,
2025-09-06 11:00,,-1.813,,0.5700000000000003,
2025-09-06 12:00,,-1.544,,0.5700000000000003,
2025-09-06 13:00,,-1.151,,0.5700000000000003,
2025-09-06 14:00,,-0.733,,0.5700000000000003,
2025-09-06 15:00,,-0.388,,0.5700000000000003,
2025-09-06 16:00,,-0.206,,0.5700000000000003,
2025-09-06 17:00,,-0.227,,0.5700000000000003,
2025-09-06 18:00,,-0.422,,0.5700000000000003,
2025-09-06 19:00,,-0.711,,0.5700000000000003,
2025-09-06 20:00,,-1.009,,0.5700000000000003,
2025-09-06 21:00,,-1.231,,0.5700000000000003,
2025-09-06 22:00,,-1.304,,0.5700000000000003,
2025-09-06 23:00,,-1.186,,0.5700000000000003,
2025-09-07 00:00,,-0.895,,0.5700000000000003,
2025-09-07 01:00,,-0.508,,0.5700000000000003,
2025-09-07 02:00,,-0.121,,0.5700000000000003,
2025-09-07 03:00,,0.17,,0.5700000000000003,
2025-09-07 04:00,,0.28,,0.5700000000000003,
2025-09-07 05:00,,0.158,,0.5700000000000003,
2025-09-07 06:00,,-0.176,,0.5700000000000003,
2025-09-07 07:00,,-0.639,,0.5700000000000003,
2025-09-07 08:00,,-1.131,,0.5700000000000003,
2025-09-07 09:00,,-1.555,,0.5700000000000003,
2025-09-07 10:00,,-1.82,,0.5700000000000003,
2025-09-07 11:00,,-1.859,,0.5700000000000003,
2025-09-07 12:00,,-1.663,,0.5700000000000003,
2025-09-07 13:00,,-1.292,,0.5700000000000003,
2025-09-07 14:00,,-0.846,,0.5700000000000003,
2025-09-07 15:00,,-0.431,,0.5700000000000003,
2025-09-07 16:00,,-0.15,,0.5700000000000003,
2025-09-07 17:00,,-0.076,,0.5700000000000003,
2025-09-07 18:00,,-0.222,,0.5700000000000003,
2025-09-07 19:00,,-0.523,,0.5700000000000003,
2025-09-07 20:00,,-0.882,,0.5700000000000003,
2025-09-07 21:00,,-1.206,,0.5700000000000003,
2025-09-07 22:00,,-1.409,,0.5700000000000003,
2025-09-07 23:00,,-1.422,,0.5700000000000003,
2025-09-08 00:00,,-1.225,,0.5700000000000003,
2025-09-08 01:00,,-0.867,,0.5700000000000003,
2025-09-08 02:00,,-0.443,,0.5700000000000003,
2025-09-08 03:00,,-0.059,,0.5700000000000003,
2025-09-08 04:00,,0.189,,0.5700000000000003,
2025-09-08 05:00,,0.222,,0.5700000000000003,
2025-09-08 06:00,,0.018,,0.5700000000000003,
2025-09-08 07:00,,-0.371,,0.5700000000000003,
2025-09-08 08:00,,-0.847,,0.5700000000000003,
2025-09-08 09:00,,-1.306,,0.5700000000000003,
2025-09-08 10:00,,-1.651,,0.5700000000000003,
2025-09-08 11:00,,-1.8,,0.5700000000000003,
2025-09-08 12:00,,-1.71,,0.5700000000000003,
2025-09-08 13:00,,-1.405,,0.5700000000000003,
2025-09-08 14:00,,-0.971,,0.5700000000000003,
2025-09-08 15:00,,-0.518,,0.5700000000000003,
2025-09-08 16:00,,-0.154,,0.5700000000000003,
2025-09-08 17:00,,0.028,,0.5700000000000003,
2025-09-08 18:00,,-0.022,,0.5700000000000003,
2025-09-08 19:00,,-0.28,,0.5700000000000003,
2025-09-08 20:00,,-0.66,,0.5700000000000003,
2025-09-08 21:00,,-1.059,,0.5700000000000003,
2025-09-08 22:00,,-1.38,,0.5700000000000003,
2025-09-08 23:00,,-1.542,,0.5700000000000003,
2025-09-09 00:00,,-1.492,,0.5700000000000003,
2025-09-09 01:00,,-1.236,,0.5700000000000003,
2025-09-09 02:00,,-0.846,,0.5700000000000003,
2025-09-09 03:00,,-0.424,,0.5700000000000003,
2025-09-09 04:00,,-0.076,,0.5700000000000003,
2025-09-09 05:00,,0.106,,0.5700000000000003,
2025-09-09 06:00,,0.068,,0.5700000000000003,
2025-09-09 07:00,,-0.186,,0.5700000000000003,
2025-09-09 08:00,,-0.584,,0.5700000000000003,
2025-09-09 09:00,,-1.024,,0.5700000000000003,
2025-09-09 10:00,,-1.403,,0.5700000000000003,
2025-09-09 11:00,,-1.635,,0.5700000000000003,
2025-09-09 12:00,,-1.658,,0.5700000000000003,
2025-09-09 13:00,,-1.457,,0.5700000000000003,
2025-09-09 14:00,,-1.083,,0.5700000000000003,
2025-09-09 15:00,,-0.634,,0.5700000000000003,
2025-09-09 16:00,,-0.222,,0.5700000000000003,
2025-09-09 17:00,,0.053,,0.5700000000000003,
2025-09-09 18:00,,0.12,,0.5700000000000003,
2025-09-09 19:00,,-0.04,,0.5700000000000003,
2025-09-09 20:00,,-0.378,,0.5700000000000003,
2025-09-09 21:00,,-0.802,,0.5700000000000003,
2025-09-09 22:00,,-1.207,,0.5700000000000003,
2025-09-09 23:00,,-1.5,,0.5700000000000003,
2025-09-10 00:00,,-1.614,,0.5700000000000003,
2025-09-10 01:00,,-1.518,,0.5700000000000003,
2025-09-10 02:00,,-1.239,,0.5700000000000003,
2025-09-10 03:00,,-0.856,,0.5700000000000003,
2025-09-10 04:00,,-0.473,,0.5700000000000003,
2025-09-10 05:00,,-0.186,,0.5700000000000003,
2025-09-10 06:00,,-0.069,,0.5700000000000003,
2025-09-10 07:00,,-0.151,,0.5700000000000003,
2025-09-10 08:00,,-0.41,,0.5700000000000003,
2025-09-10 09:00,,-0.77,,0.5700000000000003,
2025-09-10 10:00,,-1.129,,0.5700000000000003,
2025-09-10 11:00,,-1.396,,0.5700000000000003,
2025-09-10 12:00,,-1.506,,0.5700000000000003,
2025-09-10 13:00,,-1.421,,0.5700000000000003,
2025-09-10 14:00,,-1.15,,0.5700000000000003,
2025-09-10 15:00,,-0.757,,0.5700000000000003,
2025-09-10 16:00,,-0.343,,0.5700000000000003,
2025-09-10 17:00,,-0.011,,0.5700000000000003,
2025-09-10 18:00,,0.161,,0.5700000000000003,
2025-09-10 19:00,,0.129,,0.5700000000000003,
2025-09-10 20:00,,-0.106,,0.5700000000000003,
2025-09-10 21:00,,-0.486,,0.5700000000000003,
2025-09-10 22:00,,-0.914,,0.5700000000000003,
2025-09-10 23:00,,-1.293,,0.5700000000000003,
2025-09-11 00:00,,-1.546,,0.5700000000000003,
2025-09-11 01:00,,-1.625,,0.5700000000000003,
2025-09-11 02:00,,-1.516,,0.5700000000000003,
2025-09-11 03:00,,-1.252,,0.5700000000000003,
2025-09-11 04:00,,-0.914,,0.5700000000000003,
2025-09-11 05:00,,-0.597,,0.5700000000000003,
2025-09-11 06:00,,-0.376,,0.5700000000000003,
2025-09-11 07:00,,-0.301,,0.5700000000000003,
2025-09-11 08:00,,-0.387,,0.5700000000000003,
2025-09-11 09:00,,-0.608,,0.5700000000000003,
2025-09-11 10:00,,-0.888,,0.5700000000000003,
2025-09-11 11:00,,-1.137,,0.5700000000000003,
2025-09-11 12:00,,-1.287,,0.5700000000000003,
2025-09-11 13:00,,-1.295,,0.5700000000000003,
2025-09-11 14:00,,-1.144,,0.5700000000000003,
2025-09-11 15:00,,-0.852,,0.5700000000000003,
2025-09-11 16:00,,-0.49,,0.5700000000000003,
2025-09-11 17:00,,-0.15,,0.5700000000000003,
2025-09-11 18:00,,0.089,,0.5700000000000003,
2025-09-11 19:00,,0.174,,0.5700000000000003,
2025-09-11 20:00,,0.079,,0.5700000000000003,
2025-09-11 21:00,,-0.188,,0.5700000000000003,
2025-09-11 22:00,,-0.565,,0.5700000000000003,
2025-09-11 23:00,,-0.962,,0.5700000000000003,
2025-09-12 00:00,,-1.298,,0.5700000000000003,
2025-09-12 01:00,,-1.52,,0.5700000000000003,
2025-09-12 02:00,,-1.592,,0.5700000000000003,
2025-09-12 03:00,,-1.504,,0.5700000000000003,
2025-09-12 04:00,,-1.292,,0.5700000000000003,
2025-09-12 05:00,,-1.028,,0.5700000000000003,
2025-09-12 06:00,,-0.784,,0.5700000000000003,
2025-09-12 07:00,,-0.61,,0.5700000000000003,
2025-09-12 08:00,,-0.541,,0.5700000000000003,
2025-09-12 09:00,,-0.594,,0.5700000000000003,
2025-09-12 10:00,,-0.741,,0.5700000000000003,
2025-09-12 11:00,,-0.916,,0.5700000000000003,
2025-09-12 12:00,,-1.052,,0.5700000000000003,
2025-09-12 13:00,,-1.107,,0.5700000000000003,
2025-09-12 14:00,,-1.056,,0.5700000000000003,
2025-09-12 15:00,,-0.887,,0.5700000000000003,
2025-09-12 16:00,,-0.625,,0.5700000000000003,
2025-09-12 17:00,,-0.333,,0.5700000000000003,
2025-09-12 18:00,,-0.08,,0.5700000000000003,
2025-09-12 19:00,,0.082,,0.5700000000000003,
2025-09-12 20:00,,0.117,,0.5700000000000003,
2025-09-12 21:00,,0.003,,0.5700000000000003,
2025-09-12 22:00,,-0.25,,0.5700000000000003,
2025-09-12 23:00,,-0.585,,0.5700000000000003,
2025-09-13 00:00,,-0.93,,0.5700000000000003,
2025-09-13 01:00,,-1.229,,0.5700000000000003,
2025-09-13 02:00,,-1.444,,0.5700000000000003,
2025-09-13 03:00,,-1.538,,0.5700000000000003,
2025-09-13 04:00,,-1.505,,0.5700000000000003,
2025-09-13 05:00,,-1.371,,0.5700000000000003,
2025-09-13 06:00,,-1.189,,0.5700000000000003,
2025-09-13 07:00,,-0.999,,0.5700000000000003,
2025-09-13 08:00,,-0.838,,0.5700000000000003,
2025-09-13 09:00,,-0.742,,0.5700000000000003,
2025-09-13 10:00,,-0.73,,0.5700000000000003,
2025-09-13 11:00,,-0.782,,0.5700000000000003,
2025-09-13 12:00,,-0.853,,0.5700000000000003,
2025-09-13 13:00,,-0.903,,0.5700000000000003,
2025-09-13 14:00,,-0.908,,0.5700000000000003,
2025-09-13 15:00,,-0.847,,0.5700000000000003,
2025-09-13 16:00,,-0.709,,0.5700000000000003,
2025-09-13 17:00,,-0.513,,0.5700000000000003,
2025-09-13 18:00,,-0.304,,0.5700000000000003,
2025-09-13 19:00,,-0.122,,0.5700000000000003,
2025-09-13 20:00,,0.0,,0.5700000000000003,
2025-09-13 21:00,,0.03,,0.5700000000000003,
2025-09-13 22:00,,-0.059,,0.5700000000000003,
2025-09-13 23:00,,-0.259,,0.5700000000000003,
2025-09-14 00:00,,-0.532,,0.5700000000000003,
2025-09-14 01:00,,-0.831,,0.5700000000000003,
2025-09-14 02:00,,-1.115,,0.5700000000000003,
2025-09-14 03:00,,-1.349,,0.5700000000000003,
2025-09-14 04:00,,-1.496,,0.5700000000000003,
2025-09-14 05:00,,-1.54,,0.5700000000000003,
2025-09-14 06:00,,-1.488,,0.5700000000000003,
2025-09-14 07:00,,-1.365,,0.5700000000000003,
2025-09-14 08:00,,-1.197,,0.5700000000000003,
2025-09-14 09:00,,-1.016,,0.5700000000000003,
2025-09-14 10:00,,-0.865,,0.5700000000000003,
2025-09-14 11:00,,-0.77,,0.5700000000000003,
2025-09-14 12:00,,-0.731,,0.5700000000000003,
2025-09-14 13:00,,-0.727,,0.5700000000000003,
2025-09-14 14:00,,-0.736,,0.5700000000000003,
2025-09-14 15:00,,-0.74,,0.5700000000000003,
2025-09-14 16:00,,-0.715,,0.5700000000000003,
2025-09-14 17:00,,-0.644,,0.5700000000000003,
2025-09-14 18:00,,-0.527,,0.5700000000000003,
2025-09-14 19:00,,-0.383,,0.5700000000000003,
2025-09-14 20:00,,-0.235,,0.5700000000000003,
2025-09-14 21:00,,-0.11,,0.5700000000000003,
2025-09-14 22:00,,-0.045,,0.5700000000000003,
2025-09-14 23:00,,-0.073,,0.5700000000000003,
2025-09-15 00:00,,-0.206,,0.5700000000000003,
2025-09-15 01:00,,-0.425,,0.5700000000000003,
2025-09-15 02:00,,-0.7,,0.5700000000000003,
2025-09-15 03:00,,-0.997,,0.5700000000000003,
2025-09-15 04:00,,-1.278,,0.5700000000000003,
2025-09-15 05:00,,-1.495,,0.5700000000000003,
2025-09-15 06:00,,-1.614,,0.5700000000000003,
2025-09-15 07:00,,-1.62,,0.5700000000000003,
2025-09-15 08:00,,-1.52,,0.5700000000000003,
2025-09-15 09:00,,-1.337,,0.5700000000000003,
2025-09-15 10:00,,-1.107,,0.5700000000000003,
2025-09-15 11:00,,-0.882,,0.5700000000000003,
2025-09-15 12:00,,-0.711,,0.5700000000000003,
2025-09-15 13:00,,-0.612,,0.5700000000000003,
2025-09-15 14:00,,-0.579,,0.5700000000000003,
2025-09-15 15:00,,-0.597,,0.5700000000000003,
2025-09-15 16:00,,-0.645,,0.5700000000000003,
2025-09-15 17:00,,-0.691,,0.5700000000000003,
2025-09-15 18:00,,-0.696,,0.5700000000000003,
2025-09-15 19:00,,-0.639,,0.5700000000000003,
2025-09-15 20:00,,-0.524,,0.5700000000000003,
2025-09-15 21:00,,-0.369,,0.5700000000000003,
2025-09-15 22:00,,-0.203,,0.5700000000000003,
2025-09-15 23:00,,-0.072,,0.5700000000000003,
