id,name,geometry,elevation_m,distance_to_coastline_m
85030193,Florida Keys Overseas Heritage Trail,"{""type"": ""LineString"", ""coordinates"": [[-81.1229744, 24.7072816], [-81.1229356, 24.7072968], [-81.1228524, 24.70727], [-81.1227866, 24.7072565], [-81.122631, 24.7072686], [-81.1223589, 24.7073138], [-81.1222582, 24.707332], [-81.1221133, 24.7073174], [-81.1220195, 24.7073222], [-81.1212228, 24.7074124], [-81.1202251, 24.7075172], [-81.1197262, 24.7075659], [-81.1196516, 24.7075836], [-81.1195438, 24.7076022], [-81.1186687, 24.7076538], [-81.11809, 24.7077449], [-81.117976, 24.7077395], [-81.1177361, 24.7077862], [-81.1176066, 24.7077855], [-81.1172757, 24.7078241], [-81.1168534, 24.7078454], [-81.1164712, 24.7078927], [-81.1160912, 24.7079256], [-81.1156939, 24.7079486], [-81.115466, 24.7079459], [-81.1152357, 24.707978], [-81.1144732, 24.7080203], [-81.1141524, 24.7080545], [-81.1139313, 24.7080917], [-81.1137186, 24.7081198], [-81.113344, 24.7081516], [-81.1128241, 24.7081948], [-81.1124362, 24.708227], [-81.1118924, 24.7082786], [-81.1114489, 24.7083137], [-81.1110078, 24.7083486], [-81.1100701, 24.7084284], [-81.1091234, 24.7085145], [-81.1087504, 24.7085586], [-81.1083814, 24.7085807], [-81.1077407, 24.7086333], [-81.1074069, 24.7086598], [-81.1073456, 24.7086664], [-81.1069127, 24.7087009], [-81.1066492, 24.708722], [-81.1066134, 24.7087252], [-81.1059183, 24.7087869], [-81.1056191, 24.7088111], [-81.1052421, 24.7088415], [-81.1046812, 24.7088948], [-81.1039575, 24.7089591], [-81.103886, 24.7089598], [-81.1036328, 24.7089762], [-81.1034794, 24.7089965], [-81.1033023, 24.7090191], [-81.1031713, 24.709039], [-81.1027055, 24.7091521], [-81.1023472, 24.7092471], [-81.1015883, 24.7094297], [-81.1007446, 24.7096691], [-81.1000168, 24.7098557], [-81.0985487, 24.7102448], [-81.0963272, 24.7108314], [-81.0960643, 24.7109008], [-81.0958825, 24.7109459], [-81.0958032, 24.7109434], [-81.0953858, 24.7110653], [-81.094863, 24.7112181], [-81.0947682, 24.7112431], [-81.0946558, 24.711274], [-81.0943916, 24.7113468], [-81.0934918, 24.711574], [-81.0932827, 24.7116283], [-81.0925684, 24.7118257], [-81.0913967, 24.7121437], [-81.0909196, 24.7122732], [-81.0908066, 24.7123126], [-81.0906968, 24.7123385], [-81.0903179, 24.7124386], [-81.088826, 24.7128325], [-81.0885903, 24.7129437], [-81.0876942, 24.7131969], [-81.087648, 24.7131939], [-81.0875724, 24.7131701], [-81.0875281, 24.7131779], [-81.0872185, 24.7132727], [-81.087088, 24.7133214], [-81.0869877, 24.7133813], [-81.0868812, 24.7134237], [-81.0867707, 24.7134559], [-81.0860371, 24.7136257], [-81.0859582, 24.7136179], [-81.0858644, 24.7136208], [-81.0854052, 24.7137351], [-81.0847583, 24.7139361], [-81.0838226, 24.7141396], [-81.0834378, 24.714255], [-81.0831725, 24.7143297], [-81.0827544, 24.7144474], [-81.082465, 24.7145289], [-81.0820015, 24.714637], [-81.0816157, 24.7147406], [-81.0810906, 24.7148859], [-81.0804208, 24.7150584], [-81.0798186, 24.7152179], [-81.0793603, 24.7153634], [-81.0790277, 24.7154553], [-81.078525, 24.7155942], [-81.0782769, 24.7156741], [-81.0780838, 24.7157521], [-81.0757937, 24.7163803], [-81.0733446, 24.7170521], [-81.0727227, 24.717202], [-81.0720927, 24.7173656], [-81.0713746, 24.7175445], [-81.070793, 24.7176956], [-81.0706854, 24.7176937], [-81.0705538, 24.7176984], [-81.0698429, 24.7178767], [-81.0687468, 24.7181444], [-81.0654667, 24.7190365], [-81.0653485, 24.7190756], [-81.0650515, 24.7191737], [-81.0647057, 24.7192879], [-81.064514, 24.7193512], [-81.0643659, 24.7194001], [-81.0640143, 24.7195398], [-81.0639237, 24.7195744], [-81.0637758, 24.7196327], [-81.0636063, 24.7196995], [-81.0633916, 24.7197842], [-81.0630082, 24.7199353], [-81.0628299, 24.7200056], [-81.0623618, 24.7202631], [-81.0597718, 24.7212721], [-81.0566775, 24.7224507], [-81.0518291, 24.7242975], [-81.050642, 24.7247729], [-81.0475453, 24.725944], [-81.0474298, 24.7259888], [-81.0473316, 24.7260154], [-81.0472139, 24.7260644], [-81.0470671, 24.726107], [-81.0469812, 24.7261423], [-81.0469219, 24.7261769], [-81.0468414, 24.7262058], [-81.0467344, 24.7262315], [-81.0466715, 24.7262452], [-81.0466335, 24.7262621], [-81.0465424, 24.7263248], [-81.0464875, 24.7263465], [-81.0463769, 24.726377], [-81.0462221, 24.7264385], [-81.0454961, 24.7267163], [-81.044924, 24.7269421], [-81.044729, 24.7270185], [-81.0436121, 24.7274445], [-81.0427481, 24.7277446], [-81.041871, 24.7279922], [-81.0411337, 24.7280997], [-81.0395393, 24.7284857], [-81.0391575, 24.7285671], [-81.0389744, 24.7285999], [-81.0379054, 24.7288137], [-81.0376262, 24.7288687], [-81.0366386, 24.7290811], [-81.0362319, 24.7291651], [-81.0359596, 24.729223], [-81.0354628, 24.7293232], [-81.0352541, 24.7293653], [-81.0348658, 24.7294436], [-81.0341047, 24.729597], [-81.0336468, 24.7296895], [-81.0313914, 24.7301584], [-81.0301243, 24.7304271]]}",5.0,202.94939203021394
11119801,,"{""type"": ""LineString"", ""coordinates"": [[-81.1246839, 24.7070685], [-81.1545697, 24.7045254], [-81.1551235, 24.7044605], [-81.1553748, 24.7044256], [-81.1556535, 24.7043743], [-81.1559918, 24.7043038], [-81.1560694, 24.7042827], [-81.156163, 24.7042585]]}",0.0,3137.0117633841965
11116855,,"{""type"": ""LineString"", ""coordinates"": [[-81.1102889, 24.6940682], [-81.1086324, 24.6940682], [-81.1047356, 24.6941306]]}",6.0,67.52824533613074
11116828,,"{""type"": ""LineString"", ""coordinates"": [[-81.1083894, 24.6929223], [-81.1085782, 24.6931718], [-81.1085267, 24.6928911], [-81.108458, 24.6917136], [-81.107943, 24.6917448], [-81.1079602, 24.6928521], [-81.1083894, 24.6929223]]}",7.0,13.900823134912331
11117352,,"{""type"": ""LineString"", ""coordinates"": [[-81.1085782, 24.6931718], [-81.1086324, 24.6940682]]}",6.0,67.52824533613074
11117755,,"{""type"": ""LineString"", ""coordinates"": [[-81.1093249, 24.6918383], [-81.1092391, 24.693203], [-81.1085782, 24.6931718]]}",7.0,23.668689342431975
11118808,,"{""type"": ""LineString"", ""coordinates"": [[-81.1243199, 24.7069513], [-81.1284518, 24.7063416]]}",0.0,380.0062743406756
11119299,Knights Key Boulevard,"{""type"": ""LineString"", ""coordinates"": [[-81.1224567, 24.7068719], [-81.1219315, 24.7069201], [-81.1209514, 24.70701], [-81.1200236, 24.7070951], [-81.1197912, 24.7071164], [-81.1197077, 24.7071241], [-81.1183905, 24.707237], [-81.1183422, 24.7072663], [-81.1183154, 24.7073345], [-81.1183183, 24.707612]]}",6.0,86.04886765524726
118775705,,"{""type"": ""LineString"", ""coordinates"": [[-81.1246528, 24.7073797], [-81.124589, 24.7073978], [-81.1244731, 24.7074124], [-81.1239122, 24.7074687], [-81.123883, 24.7074708], [-81.1235739, 24.7074932], [-81.1232303, 24.7074976], [-81.1229577, 24.7075061], [-81.1226676, 24.7074843], [-81.122258, 24.7074424], [-81.1220435, 24.7074386], [-81.1218482, 24.7074553], [-81.1214921, 24.7075027], [-81.1210568, 24.7075731], [-81.1209353, 24.7075822], [-81.1207914, 24.7075554], [-81.1205921, 24.7075607], [-81.1204151, 24.7075835], [-81.1202893, 24.7076177], [-81.1201587, 24.7076974], [-81.120062, 24.707769], [-81.1199666, 24.7078108], [-81.1198846, 24.7078152], [-81.119808, 24.7078056], [-81.1197448, 24.7077706], [-81.1197008, 24.7077167], [-81.1196705, 24.7076416], [-81.1196516, 24.7075836], [-81.1196381, 24.7075045]]}",0.0,23.329297888278116
119008720,,"{""type"": ""LineString"", ""coordinates"": [[-81.1209331, 24.7052028], [-81.1208286, 24.7055996], [-81.1207159, 24.7057549], [-81.1205174, 24.705884], [-81.1203565, 24.706057], [-81.1201982, 24.7061496], [-81.1200086, 24.7061881], [-81.119922, 24.7062057], [-81.1196403, 24.7063275], [-81.1194714, 24.7063519], [-81.119297, 24.7063178], [-81.1191736, 24.706308], [-81.1190663, 24.7063543], [-81.1189617, 24.706442], [-81.1188142, 24.7064762], [-81.1186801, 24.7065444], [-81.1186131, 24.7066345], [-81.1186077, 24.7067442], [-81.1186613, 24.7068417], [-81.118774, 24.7069001], [-81.1189027, 24.7068977], [-81.1190047, 24.7068368], [-81.1191361, 24.7067954], [-81.1193212, 24.7067832], [-81.1194928, 24.7068027], [-81.1196189, 24.7067637]]}",6.0,99.55583774713966
128504333,Overseas Highway,"{""type"": ""LineString"", ""coordinates"": [[-81.1196381, 24.7075045], [-81.1210653, 24.7073644], [-81.1229296, 24.7071473]]}",0.0,41.17156485681113
797906618,,"{""type"": ""LineString"", ""coordinates"": [[-81.1200086, 24.7061881], [-81.1199931, 24.7059738], [-81.1204812, 24.7057033], [-81.120677, 24.7053963], [-81.1205644, 24.705216], [-81.1202828, 24.705601], [-81.1198721, 24.7057831], [-81.1194808, 24.7059567], [-81.1188987, 24.7059202], [-81.118821, 24.7061638], [-81.1194969, 24.7061809], [-81.1199931, 24.7059738]]}",8.0,88.05761397765649
11119290,Kyle Way East,"{""type"": ""LineString"", ""coordinates"": [[-81.1223062, 24.7052378], [-81.1223036, 24.7052883], [-81.1224567, 24.7068719]]}",5.0,45.60808719382684
11122688,,"{""type"": ""LineString"", ""coordinates"": [[-81.1229296, 24.7071473], [-81.1229504, 24.7072326], [-81.1229572, 24.7072517], [-81.1229744, 24.7072816]]}",0.0,43.522250974667855
27826229,Kyle Way South,"{""type"": ""LineString"", ""coordinates"": [[-81.1223062, 24.7052378], [-81.1223354, 24.7051952], [-81.1223802, 24.7051616], [-81.1229095, 24.7049776], [-81.1229951, 24.7049625], [-81.1230273, 24.7049678], [-81.1230603, 24.7049733], [-81.1231214, 24.7050282], [-81.1231369, 24.705086]]}",0.0,56.10895581929567
27826234,Kyle Way West,"{""type"": ""LineString"", ""coordinates"": [[-81.1231369, 24.705086], [-81.1232915, 24.70664], [-81.1232862, 24.7067288], [-81.1232516, 24.7067859], [-81.1231765, 24.7068175], [-81.1224567, 24.7068719]]}",0.0,90.48322280525332
132683335,,"{""type"": ""LineString"", ""coordinates"": [[-81.1241615, 24.7071139], [-81.124647, 24.707072], [-81.1246839, 24.7070685]]}",0.0,12.525113964894453
132683351,,"{""type"": ""LineString"", ""coordinates"": [[-81.1229744, 24.7072816], [-81.1229985, 24.7073065], [-81.1230316, 24.7073173], [-81.1230858, 24.7073116], [-81.1235976, 24.7072032], [-81.1237718, 24.7071665], [-81.1241615, 24.7071139]]}",0.0,34.87193251144082
171582220,,"{""type"": ""LineString"", ""coordinates"": [[-81.1247331, 24.7071721], [-81.1247042, 24.7072587], [-81.1246621, 24.7073624], [-81.1246528, 24.7073797]]}",0.0,3.539941954999867
303339408,,"{""type"": ""LineString"", ""coordinates"": [[-81.1236009, 24.7049603], [-81.1234692, 24.7049722], [-81.1233635, 24.7049695], [-81.123281, 24.7049524], [-81.1232562, 24.7049417], [-81.1231927, 24.7049143], [-81.1231146, 24.704867], [-81.1230662, 24.7048491], [-81.1230291, 24.7048354], [-81.122977, 24.7047696], [-81.1229177, 24.7045645]]}",0.0,46.299431246001205
303339409,,"{""type"": ""LineString"", ""coordinates"": [[-81.1232915, 24.70664], [-81.123435, 24.7066272], [-81.1237241, 24.7066015], [-81.1237435, 24.7065922], [-81.1237538, 24.7065624], [-81.1237475, 24.7064543], [-81.1237394, 24.7063141], [-81.1237251, 24.7062927], [-81.1234467, 24.7063132], [-81.123417, 24.7063336], [-81.1234259, 24.7064781], [-81.123435, 24.7066272]]}",0.0,28.823414280706956
303339410,,"{""type"": ""LineString"", ""coordinates"": [[-81.1234259, 24.7064781], [-81.1237475, 24.7064543]]}",0.0,38.94780154297461
303339411,,"{""type"": ""LineString"", ""coordinates"": [[-81.1231214, 24.7050282], [-81.1232562, 24.7049417]]}",0.0,45.59174208149295
303339412,,"{""type"": ""LineString"", ""coordinates"": [[-81.1230273, 24.7049678], [-81.1230662, 24.7048491]]}",0.0,42.46219707756135
317308186,Overseas Highway,"{""type"": ""LineString"", ""coordinates"": [[-81.1229296, 24.7071473], [-81.1243199, 24.7069513]]}",0.0,35.55889898624062
337773082,,"{""type"": ""LineString"", ""coordinates"": [[-81.1242589, 24.7066818], [-81.1244547, 24.7066648], [-81.1245097, 24.7066891], [-81.1245794, 24.706761], [-81.1246532, 24.7068658]]}",0.0,2.115258555604636
337773083,,"{""type"": ""LineString"", ""coordinates"": [[-81.124647, 24.707072], [-81.1246693, 24.7070096]]}",0.0,7.991472176401689
337773084,,"{""type"": ""LineString"", ""coordinates"": [[-81.1246693, 24.7070096], [-81.1247275, 24.7069789]]}",0.0,1.1861210344991002
337773085,,"{""type"": ""LineString"", ""coordinates"": [[-81.1247275, 24.7069789], [-81.1246532, 24.7068658]]}",0.0,1.5326323852576598
337773086,,"{""type"": ""LineString"", ""coordinates"": [[-81.1242589, 24.7066818], [-81.1238646, 24.7067245], [-81.1237104, 24.7067537], [-81.1233738, 24.7067683], [-81.1232862, 24.7067288]]}",0.0,55.18636273915333
797906615,,"{""type"": ""LineString"", ""coordinates"": [[-81.1210066, 24.7051046], [-81.1210162, 24.7051243], [-81.1210181, 24.7051458], [-81.121012, 24.7051667], [-81.1209986, 24.7051845], [-81.1209795, 24.7051974], [-81.1209568, 24.7052037], [-81.1209331, 24.7052028], [-81.120912, 24.7051954], [-81.1208946, 24.7051824], [-81.1208826, 24.705165], [-81.1208772, 24.705145], [-81.1208791, 24.7051246], [-81.120888, 24.7051057], [-81.1209029, 24.7050903], [-81.1209225, 24.70508], [-81.1209458, 24.7050758], [-81.1209693, 24.7050789], [-81.1209904, 24.7050889], [-81.1210066, 24.7051046]]}",5.0,27.99299148448756
1017961114,,"{""type"": ""LineString"", ""coordinates"": [[-81.1209514, 24.70701], [-81.1210827, 24.7068237], [-81.1218445, 24.7067555], [-81.1219315, 24.7069201]]}",0.0,43.96482102129883
1020641533,,"{""type"": ""LineString"", ""coordinates"": [[-81.124647, 24.707072], [-81.1246535, 24.7070963], [-81.1247331, 24.7071721]]}",0.0,11.826948877251398
1020641534,,"{""type"": ""LineString"", ""coordinates"": [[-81.1235976, 24.7072032], [-81.1236042, 24.7072542], [-81.1234889, 24.7073175], [-81.1232944, 24.7073711], [-81.1232555, 24.7073748], [-81.1232542, 24.7073992], [-81.123513, 24.707365], [-81.1237236, 24.7073845], [-81.1238724, 24.7073845], [-81.123883, 24.7074708]]}",0.0,22.498810469561867
11117888,,"{""type"": ""LineString"", ""coordinates"": [[-81.1089483, 24.7050663], [-81.1090183, 24.7048112], [-81.1090336, 24.7046014], [-81.1090295, 24.7035136]]}",8.0,5.090393016226853
11119189,Ocean View Avenue,"{""type"": ""LineString"", ""coordinates"": [[-81.1089483, 24.7050663], [-81.1095378, 24.7050098], [-81.1095842, 24.7049759], [-81.1096234, 24.7049203], [-81.1096072, 24.7047586], [-81.1096474, 24.7033705]]}",8.0,28.431411850161346
11122664,Overseas Highway,"{""type"": ""LineString"", ""coordinates"": [[-81.1129338, 24.7080711], [-81.1183183, 24.707612], [-81.1196381, 24.7075045]]}",6.0,35.12150545883459
11122719,Overseas Highway,"{""type"": ""LineString"", ""coordinates"": [[-81.1049903, 24.7087443], [-81.1059144, 24.7086808], [-81.1062401, 24.7086548], [-81.1063398, 24.7086468], [-81.1066465, 24.7086223], [-81.1069581, 24.7085944], [-81.107368, 24.7085575], [-81.1075454, 24.708543], [-81.1077351, 24.7085258], [-81.1077919, 24.7085208], [-81.1080603, 24.7084974], [-81.1083083, 24.7084758], [-81.1083779, 24.7084697], [-81.1086168, 24.7084463], [-81.1087366, 24.7084355], [-81.1088319, 24.7084269], [-81.1089405, 24.7084171]]}",7.0,101.59485577831086
493478138,,"{""type"": ""LineString"", ""coordinates"": [[-81.1073478, 24.7098052], [-81.1074405, 24.7098041]]}",7.0,66.79848961041756
493478141,,"{""type"": ""LineString"", ""coordinates"": [[-81.1074084, 24.7096369], [-81.1073533, 24.7096504], [-81.1073023, 24.7096979], [-81.1072862, 24.7097338], [-81.1072889, 24.709771], [-81.1073043, 24.709788], [-81.1073335, 24.7098054], [-81.1073478, 24.7098052]]}",7.0,72.17466516328302
493478142,,"{""type"": ""LineString"", ""coordinates"": [[-81.1071199, 24.7097564], [-81.1071132, 24.7093251], [-81.1073552, 24.7093215]]}",7.0,72.8428427939524
493478143,,"{""type"": ""LineString"", ""coordinates"": [[-81.1073804, 24.7087989], [-81.1069174, 24.7088238]]}",7.0,96.88589842299008
493478145,,"{""type"": ""LineString"", ""coordinates"": [[-81.107368, 24.7085575], [-81.1073456, 24.7086664], [-81.1073519, 24.7087768], [-81.1073804, 24.7087989]]}",7.0,99.79445999774622
797906616,,"{""type"": ""LineString"", ""coordinates"": [[-81.1200293, 24.7069611], [-81.1200319, 24.7067856], [-81.1200078, 24.7067003], [-81.1199649, 24.706676], [-81.1198898, 24.706676], [-81.1196189, 24.7067637]]}",6.0,118.00893672466661
797906619,,"{""type"": ""LineString"", ""coordinates"": [[-81.1199931, 24.7059738], [-81.1198721, 24.7057831]]}",8.0,88.05761397765649
1345234023,,"{""type"": ""LineString"", ""coordinates"": [[-81.1200293, 24.7069611], [-81.1200236, 24.7070951]]}",6.0,72.67220449121365
1345234024,,"{""type"": ""LineString"", ""coordinates"": [[-81.1196189, 24.7067637], [-81.1198683, 24.7067783], [-81.1199944, 24.7068368], [-81.1200293, 24.7069611]]}",6.0,100.17469616734111
11115854,,"{""type"": ""LineString"", ""coordinates"": [[-81.1085843, 24.7067692], [-81.1085941, 24.7072725], [-81.1086168, 24.7084463]]}",8.0,84.94805123784515
11115856,,"{""type"": ""LineString"", ""coordinates"": [[-81.1083054, 24.7067935], [-81.1083063, 24.7073082], [-81.1083073, 24.7078747], [-81.1083083, 24.7084758]]}",7.0,81.05629041708494
11116480,,"{""type"": ""LineString"", ""coordinates"": [[-81.1116173, 24.7064284], [-81.111278, 24.7065739], [-81.1109717, 24.7066967], [-81.1109537, 24.7067206], [-81.1109484, 24.7067598], [-81.1112236, 24.7075049], [-81.1116286, 24.707465]]}",6.0,18.188156742350767
11116483,,"{""type"": ""LineString"", ""coordinates"": [[-81.111278, 24.7065739], [-81.1116286, 24.707465], [-81.1117311, 24.7078306], [-81.1120795, 24.7076765]]}",6.0,15.973551212071348
11116559,,"{""type"": ""LineString"", ""coordinates"": [[-81.1127753, 24.7097833], [-81.1130451, 24.7097139], [-81.1132138, 24.7096444], [-81.1133479, 24.7095859]]}",8.0,20.567290826398462
11116863,,"{""type"": ""LineString"", ""coordinates"": [[-81.1127658, 24.707526], [-81.1137419, 24.7072617], [-81.1138281, 24.7075304], [-81.1136689, 24.7075783], [-81.1128742, 24.707868]]}",3.0,10.749846072651598
11117015,,"{""type"": ""LineString"", ""coordinates"": [[-81.1101231, 24.7078831], [-81.1101092, 24.7077895], [-81.1100895, 24.7059033], [-81.1101999, 24.7058425], [-81.1103083, 24.7058501], [-81.1103453, 24.705914], [-81.1103491, 24.7059757], [-81.1103707, 24.7063281], [-81.1103814, 24.7079285], [-81.1104101, 24.7080695], [-81.1104456, 24.7082816]]}",8.0,36.95341463109106
11117043,,"{""type"": ""LineString"", ""coordinates"": [[-81.1076941, 24.7069008], [-81.1077638, 24.7072273], [-81.1077692, 24.7073881], [-81.107767, 24.7075209], [-81.1077919, 24.7085208]]}",7.0,5.004743684863491
11117060,,"{""type"": ""LineString"", ""coordinates"": [[-81.1092547, 24.7063775], [-81.1092487, 24.7070086]]}",8.0,119.33453104064142
11117816,,"{""type"": ""LineString"", ""coordinates"": [[-81.1117311, 24.7078306], [-81.1117368, 24.7079057]]}",6.0,18.39370474758482
11117819,,"{""type"": ""LineString"", ""coordinates"": [[-81.1101231, 24.7078831], [-81.1101775, 24.7079728], [-81.1102526, 24.7080264], [-81.1104101, 24.7080695], [-81.111323, 24.707975], [-81.111607, 24.707941], [-81.1117368, 24.7079057], [-81.1121449, 24.7078661]]}",6.0,10.425349045048335
11117872,,"{""type"": ""LineString"", ""coordinates"": [[-81.1123383, 24.7063642], [-81.112139, 24.7057865], [-81.1121025, 24.7056163], [-81.1120733, 24.7052857], [-81.1120497, 24.704961], [-81.1120497, 24.7048928], [-81.1120712, 24.7048246], [-81.1120712, 24.7047759], [-81.112039, 24.7045078]]}",5.0,14.939703880809192
11118221,,"{""type"": ""LineString"", ""coordinates"": [[-81.108021, 24.7068277], [-81.1080457, 24.7078781], [-81.1080603, 24.7084974]]}",7.0,64.60962409846572
11120291,11th Street Ocean,"{""type"": ""LineString"", ""coordinates"": [[-81.1129338, 24.7080711], [-81.1128981, 24.7079494], [-81.1128742, 24.707868], [-81.1127658, 24.707526], [-81.1123383, 24.7063642]]}",3.0,82.09793380768733
11120325,Bay Street,"{""type"": ""LineString"", ""coordinates"": [[-81.1116173, 24.7064284], [-81.1120795, 24.7076765], [-81.1121449, 24.7078661], [-81.1122256, 24.7081304]]}",6.0,57.69852995259777
11121668,First Street,"{""type"": ""LineString"", ""coordinates"": [[-81.1087981, 24.7070308], [-81.1092487, 24.7070086], [-81.1093569, 24.7070059], [-81.1094482, 24.7069957], [-81.1095638, 24.7069762]]}",8.0,122.73084828092064
11121670,Ocean Terrace,"{""type"": ""LineString"", ""coordinates"": [[-81.1095874, 24.7057337], [-81.1095638, 24.7069762]]}",8.0,101.75380381246438
11121881,Court Gulf,"{""type"": ""LineString"", ""coordinates"": [[-81.1077351, 24.7085258], [-81.1077407, 24.7086333], [-81.107763, 24.7088303], [-81.1077755, 24.709007], [-81.1080652, 24.7095918], [-81.108151, 24.7097965], [-81.1081832, 24.7100109]]}",7.0,51.912232722841836
11121929,12th Street Gulf,"{""type"": ""LineString"", ""coordinates"": [[-81.1128938, 24.710114], [-81.1127753, 24.7097833], [-81.112675, 24.709414], [-81.1124362, 24.708227], [-81.1124099, 24.7081125]]}",8.0,45.39759130629307
11122116,15th Street Ocean,"{""type"": ""LineString"", ""coordinates"": [[-81.1088319, 24.7084269], [-81.1087981, 24.7070308], [-81.1087904, 24.7066819], [-81.1087891, 24.7066221], [-81.1087774, 24.705772], [-81.1087452, 24.7056532], [-81.1087292, 24.7055167], [-81.1087292, 24.7053218], [-81.1087399, 24.7052535], [-81.1087613, 24.7051902], [-81.1088257, 24.705122], [-81.1088901, 24.7050732], [-81.1089483, 24.7050663]]}",8.0,13.46362102485048
11122427,Ocean Breeze,"{""type"": ""LineString"", ""coordinates"": [[-81.1094482, 24.7069957], [-81.1094147, 24.7057315]]}",8.0,37.381563435596966
11122525,Ocean Breeze Avenue,"{""type"": ""LineString"", ""coordinates"": [[-81.1087774, 24.705772], [-81.1090129, 24.7057362], [-81.1091956, 24.7057189], [-81.1094147, 24.7057315], [-81.1095874, 24.7057337], [-81.1101453, 24.7057457], [-81.1102097, 24.7057164], [-81.1102312, 24.7056482], [-81.1102204, 24.7053996], [-81.1102434, 24.7053008]]}",8.0,38.42643550820326
27835717,,"{""type"": ""LineString"", ""coordinates"": [[-81.1083779, 24.7084697], [-81.1083814, 24.7085807], [-81.108386, 24.7091426], [-81.1084129, 24.7091962], [-81.1084665, 24.7092205], [-81.1086918, 24.7092205], [-81.1087455, 24.70924], [-81.108783, 24.7092742], [-81.1088045, 24.7093326], [-81.1088474, 24.7094545], [-81.1088796, 24.70982], [-81.1089064, 24.7100587]]}",5.0,24.140248681200763
86286247,Overseas Highway,"{""type"": ""LineString"", ""coordinates"": [[-81.1089405, 24.7084171], [-81.1090417, 24.7084071], [-81.1091072, 24.7084021], [-81.1091799, 24.7083955], [-81.1092943, 24.7083852], [-81.1097014, 24.7083485], [-81.1097642, 24.708344], [-81.1104456, 24.7082816], [-81.1114406, 24.7081971], [-81.1120286, 24.7081471], [-81.1122256, 24.7081304], [-81.1124099, 24.7081125], [-81.1124807, 24.7081069], [-81.1126106, 24.7080966], [-81.1127877, 24.7080826], [-81.1129338, 24.7080711]]}",6.0,36.430640794794
119007027,,"{""type"": ""LineString"", ""coordinates"": [[-81.1077103, 24.7060315], [-81.1077102, 24.7067545], [-81.1087904, 24.7066819]]}",7.0,5.682537119722481
119007028,,"{""type"": ""LineString"", ""coordinates"": [[-81.1105812, 24.7059521], [-81.1103707, 24.7063281]]}",8.0,27.04944874390048
119007029,,"{""type"": ""LineString"", ""coordinates"": [[-81.1103491, 24.7059757], [-81.1105812, 24.7059521], [-81.1107408, 24.7059358], [-81.1108159, 24.7059115], [-81.1108374, 24.7058676], [-81.1108427, 24.7057994], [-81.1108213, 24.7057311]]}",5.0,12.063227274666794
133791358,,"{""type"": ""LineString"", ""coordinates"": [[-81.1091072, 24.7084021], [-81.1091234, 24.7085145], [-81.1094399, 24.7091266], [-81.1094715, 24.7093355]]}",5.0,29.049614251685973
242949060,Ocean Breeze Avenue,"{""type"": ""LineString"", ""coordinates"": [[-81.1102434, 24.7053008], [-81.1102828, 24.7051553]]}",8.0,1.0141368584678312
242949061,Ocean Breeze Avenue,"{""type"": ""LineString"", ""coordinates"": [[-81.1102828, 24.7051553], [-81.1103063, 24.7050683], [-81.1103224, 24.7048684]]}",8.0,8.34787541554879
303728692,,"{""type"": ""LineString"", ""coordinates"": [[-81.1097014, 24.7083485], [-81.1096942, 24.7080106], [-81.1092731, 24.7080331], [-81.1092943, 24.7083852]]}",8.0,105.84942165295203
493478137,,"{""type"": ""LineString"", ""coordinates"": [[-81.1074405, 24.7098041], [-81.1074626, 24.7098039], [-81.107545, 24.7097905]]}",7.0,66.76759155382436
493478140,,"{""type"": ""LineString"", ""coordinates"": [[-81.1075182, 24.7093361], [-81.1075115, 24.7095809], [-81.1074767, 24.7096163], [-81.1074084, 24.7096369]]}",7.0,65.62824663336394
493478144,,"{""type"": ""LineString"", ""coordinates"": [[-81.1073804, 24.7087989], [-81.1074096, 24.7087805], [-81.1074069, 24.7086598], [-81.107368, 24.7085575]]}",7.0,105.36384240170682
493478146,,"{""type"": ""LineString"", ""coordinates"": [[-81.1074364, 24.7102839], [-81.1075598, 24.7102839], [-81.1075598, 24.709849], [-81.107545, 24.7097905], [-81.1074981, 24.7097174], [-81.1074084, 24.7096369], [-81.1073841, 24.709615], [-81.10736, 24.7095505], [-81.1073552, 24.7093215], [-81.1073546, 24.7092946], [-81.1073922, 24.7090571], [-81.1073804, 24.7087989]]}",7.0,74.59171006286904
525759380,,"{""type"": ""LineString"", ""coordinates"": [[-81.1115421, 24.7091985], [-81.1115136, 24.7088727], [-81.1114714, 24.7087349], [-81.1114566, 24.7084217], [-81.1114489, 24.7083137], [-81.1114406, 24.7081971]]}",1.0,17.627988572451056
766407086,,"{""type"": ""LineString"", ""coordinates"": [[-81.1083073, 24.7078747], [-81.1080457, 24.7078781]]}",7.0,64.60962409846572
766407087,,"{""type"": ""LineString"", ""coordinates"": [[-81.1085941, 24.7072725], [-81.1083063, 24.7073082]]}",7.0,59.71138430989378
766407088,,"{""type"": ""LineString"", ""coordinates"": [[-81.1094715, 24.7093355], [-81.1094945, 24.7093944], [-81.1094998, 24.7095553]]}",5.0,29.01161697694329
766407089,,"{""type"": ""LineString"", ""coordinates"": [[-81.1100842, 24.7102222], [-81.1096009, 24.7098822], [-81.1094967, 24.7096563], [-81.1094998, 24.7095553]]}",5.0,26.051372903336134
766407090,,"{""type"": ""LineString"", ""coordinates"": [[-81.1136615, 24.7094141], [-81.1132241, 24.7088485], [-81.1128992, 24.7084264], [-81.1128241, 24.7081948], [-81.1127877, 24.7080826]]}",8.0,93.60455264878206
11120967,20th Street Ocean,"{""type"": ""LineString"", ""coordinates"": [[-81.104677, 24.690335], [-81.1047356, 24.6941306], [-81.1048323, 24.7020449]]}",7.0,297.76268584345524
11117047,,"{""type"": ""LineString"", ""coordinates"": [[-81.098504, 24.7101441], [-81.0985487, 24.7102448], [-81.0985165, 24.7104008], [-81.0984092, 24.7105275], [-81.0976836, 24.7111717], [-81.0975151, 24.7113212], [-81.0973689, 24.711451]]}",8.0,98.6057940862933
11117826,,"{""type"": ""LineString"", ""coordinates"": [[-81.100248, 24.708589], [-81.1009338, 24.7083829], [-81.1010151, 24.7083821], [-81.1013303, 24.7083992]]}",7.0,86.99689386071367
11118187,,"{""type"": ""LineString"", ""coordinates"": [[-81.1032834, 24.7089204], [-81.1033023, 24.7090191], [-81.1033096, 24.7090675], [-81.1033106, 24.7091143], [-81.1033349, 24.7109138], [-81.1033441, 24.7109364], [-81.1033666, 24.7109435], [-81.1034866, 24.7109418], [-81.1035044, 24.7109325], [-81.1035132, 24.7109137], [-81.1034958, 24.709103], [-81.1034898, 24.7090547], [-81.1034794, 24.7089965], [-81.1034606, 24.7088992]]}",0.0,33.3052130316476
11118558,19th Street,"{""type"": ""LineString"", ""coordinates"": [[-81.1047479, 24.7104441], [-81.1047478, 24.7104055], [-81.104745, 24.7093409], [-81.1047405, 24.7093184], [-81.1047119, 24.7092479]]}",7.0,145.72672402127571
11119786,James Avenue Ocean,"{""type"": ""LineString"", ""coordinates"": [[-81.1000704, 24.7079755], [-81.1006492, 24.7078636], [-81.100752, 24.7078341], [-81.100815, 24.7077596]]}",7.0,26.26489681122993
11120521,Palm Island Avenue,"{""type"": ""LineString"", ""coordinates"": [[-81.1066465, 24.7086223], [-81.1066492, 24.708722], [-81.1066737, 24.7109172]]}",7.0,98.06468487966417
11120968,James Terrace,"{""type"": ""LineString"", ""coordinates"": [[-81.100815, 24.7077596], [-81.1008488, 24.7076853], [-81.1008005, 24.707349], [-81.1007791, 24.7072808], [-81.1006932, 24.7072077], [-81.1005859, 24.7071492], [-81.1005323, 24.7071005], [-81.1004894, 24.7070225], [-81.1004265, 24.7068142], [-81.1002641, 24.7062769]]}",7.0,31.657651873708254
11120969,James Terrace,"{""type"": ""LineString"", ""coordinates"": [[-81.1002641, 24.7062769], [-81.1010038, 24.7060919]]}",3.0,6.515441052822426
11122183,30th Street Ocean,"{""type"": ""LineString"", ""coordinates"": [[-81.095938, 24.7073867], [-81.0969424, 24.7105597]]}",6.0,63.55646430704845
85104883,,"{""type"": ""LineString"", ""coordinates"": [[-81.0947197, 24.7107707], [-81.094783, 24.7107776], [-81.0948047, 24.7107799], [-81.094892, 24.7107729], [-81.0949647, 24.7107424], [-81.0950444, 24.710619], [-81.0951117, 24.7105039], [-81.095145, 24.7104144], [-81.0951585, 24.7103414], [-81.0951263, 24.7102134], [-81.0950619, 24.7099893], [-81.0949721, 24.7099418], [-81.0948017, 24.7098955], [-81.0946328, 24.7099296], [-81.0943216, 24.7100149], [-81.094127, 24.7100613], [-81.0940252, 24.7100855], [-81.094229, 24.7107297]]}",8.0,108.55343733329386
118774887,,"{""type"": ""LineString"", ""coordinates"": [[-81.0998417, 24.7102354], [-81.0999571, 24.710211], [-81.1000054, 24.7101574], [-81.1000241, 24.7101671], [-81.1000724, 24.7101842], [-81.1001502, 24.7101745], [-81.1002092, 24.710116], [-81.1002924, 24.7101452], [-81.1003406, 24.7102159], [-81.1004426, 24.7102378], [-81.1007269, 24.7102817], [-81.1007778, 24.710328], [-81.1008556, 24.710384], [-81.1009066, 24.7104327], [-81.100999, 24.7105115]]}",7.0,117.11810071754974
118774890,,"{""type"": ""LineString"", ""coordinates"": [[-81.0986669, 24.711171], [-81.098675, 24.7109249], [-81.098742, 24.7107739], [-81.0988359, 24.7105838], [-81.0988493, 24.7104742], [-81.0992517, 24.7103572], [-81.099418, 24.7103206], [-81.0996111, 24.7102938], [-81.0997559, 24.7102573], [-81.0998417, 24.7102354]]}",8.0,106.84412081140471
118774891,,"{""type"": ""LineString"", ""coordinates"": [[-81.1008959, 24.7101574], [-81.100971, 24.710155], [-81.1010139, 24.7101745], [-81.1010139, 24.7104474], [-81.100999, 24.7105115], [-81.1009924, 24.7105399], [-81.1010219, 24.7110394], [-81.1009575, 24.7110784], [-81.1008798, 24.7110979], [-81.1008047, 24.7111077], [-81.1007644, 24.7111345], [-81.1006974, 24.7112051], [-81.1006705, 24.7112466], [-81.1006532, 24.7112694]]}",0.0,37.09561120118455
118774895,,"{""type"": ""LineString"", ""coordinates"": [[-81.0998417, 24.7102354], [-81.09989, 24.7104352], [-81.0998954, 24.7106545], [-81.0999115, 24.7109079], [-81.0999088, 24.7109931], [-81.0999034, 24.7110346]]}",8.0,52.45262982458171
118775283,,"{""type"": ""LineString"", ""coordinates"": [[-81.0986911, 24.7107276], [-81.0987313, 24.7105034], [-81.0987903, 24.7103864], [-81.0992838, 24.7102549], [-81.0997613, 24.7101501], [-81.1000107, 24.7100841]]}",8.0,117.68429393754423
128504335,Overseas Highway,"{""type"": ""LineString"", ""coordinates"": [[-81.091239, 24.7120719], [-81.0913651, 24.7120383], [-81.0915273, 24.711995], [-81.0925363, 24.7117258], [-81.0925704, 24.7117168], [-81.093349, 24.7115109], [-81.0933965, 24.7114984], [-81.0940861, 24.711316], [-81.0943243, 24.711253], [-81.0946176, 24.7111754], [-81.0947368, 24.7111439], [-81.0948242, 24.7111225], [-81.0955373, 24.710948], [-81.0956149, 24.7109266], [-81.0957898, 24.7108782], [-81.0959814, 24.7108253], [-81.0963004, 24.7107371], [-81.0969424, 24.7105597], [-81.0978026, 24.7103285], [-81.0979206, 24.7102975], [-81.0981902, 24.7102266], [-81.098504, 24.7101441], [-81.0992172, 24.7099557], [-81.0998727, 24.7097637], [-81.0999699, 24.709738], [-81.1005621, 24.7095812], [-81.101326, 24.7093863], [-81.1021848, 24.7091667], [-81.1023361, 24.7091303], [-81.1026902, 24.709038], [-81.1029464, 24.7089858], [-81.1032834, 24.7089204], [-81.1034606, 24.7088992], [-81.1039594, 24.7088396], [-81.1040544, 24.7088319], [-81.1046732, 24.7087724], [-81.1049903, 24.7087443]]}",8.0,63.378016742798835
301883872,,"{""type"": ""LineString"", ""coordinates"": [[-81.1046002, 24.7092038], [-81.1045619, 24.7092433], [-81.1043542, 24.7093974], [-81.1041466, 24.7095404], [-81.1040572, 24.7098163], [-81.1040141, 24.709949], [-81.1037923, 24.7100134], [-81.1036167, 24.7101142], [-81.1036167, 24.710436], [-81.1040912, 24.7104192], [-81.1041312, 24.7102317], [-81.1040141, 24.709949]]}",7.0,79.70489585997467
303728697,,"{""type"": ""LineString"", ""coordinates"": [[-81.0959814, 24.7108253], [-81.095935, 24.7106827], [-81.0956614, 24.709817], [-81.0956118, 24.70966], [-81.0959551, 24.7095732], [-81.0959976, 24.7097211], [-81.0956614, 24.709817]]}",8.0,37.82498056183231
493478111,,"{""type"": ""LineString"", ""coordinates"": [[-81.101022, 24.7086764], [-81.1003287, 24.7088576]]}",7.0,24.74575362454218
493478113,,"{""type"": ""LineString"", ""coordinates"": [[-81.1002816, 24.710011], [-81.1004211, 24.7099513], [-81.1005606, 24.7098855], [-81.1008449, 24.7098465]]}",7.0,97.79790671931518
493478115,,"{""type"": ""LineString"", ""coordinates"": [[-81.1001663, 24.7100402], [-81.1002816, 24.710011], [-81.1003219, 24.7100356], [-81.1003996, 24.7101062], [-81.1005633, 24.7101647], [-81.1007617, 24.710172], [-81.1008959, 24.7101574]]}",7.0,115.76482523523036
523178662,,"{""type"": ""LineString"", ""coordinates"": [[-81.1048323, 24.7020449], [-81.1048445, 24.7041747]]}",7.0,59.1367445214463
525759371,USCG,"{""type"": ""LineString"", ""coordinates"": [[-81.1065396, 24.7106951], [-81.1064997, 24.7105254], [-81.1064986, 24.7099901], [-81.1065054, 24.7098557], [-81.1065475, 24.7096666], [-81.1065583, 24.7095855], [-81.1065703, 24.7094946], [-81.1065681, 24.7094252], [-81.1065589, 24.7093898], [-81.1065316, 24.7093728], [-81.1064735, 24.7093545], [-81.1064439, 24.709334], [-81.1064371, 24.7091062], [-81.1064029, 24.7090219], [-81.1063471, 24.7089957], [-81.1059712, 24.7089399], [-81.10592, 24.7089263]]}",7.0,24.2248991373781
525759373,Coast Guard Access Road,"{""type"": ""LineString"", ""coordinates"": [[-81.1059105, 24.7104804], [-81.105931, 24.7102782], [-81.105937, 24.7100892], [-81.1059268, 24.7097727], [-81.1059245, 24.7097019], [-81.1059236, 24.7095445], [-81.1059222, 24.7092985], [-81.10592, 24.7089263], [-81.1059183, 24.7087869], [-81.1059144, 24.7086808]]}",7.0,29.395741337612755
525759378,,"{""type"": ""LineString"", ""coordinates"": [[-81.1055133, 24.7105641], [-81.1055028, 24.710532], [-81.1054954, 24.7092754], [-81.1054921, 24.7091101], [-81.1054882, 24.7090974], [-81.1054745, 24.7090944], [-81.1047958, 24.7091561]]}",7.0,89.76047470169144
766407083,,"{""type"": ""LineString"", ""coordinates"": [[-81.100802, 24.706702], [-81.1004265, 24.7068142]]}",7.0,26.044121597968637
766517474,,"{""type"": ""LineString"", ""coordinates"": [[-81.0943243, 24.711253], [-81.0941786, 24.7109445], [-81.0941029, 24.7107621], [-81.0938957, 24.7101408], [-81.0939327, 24.7101074], [-81.0940252, 24.7100855]]}",8.0,51.58336349660383
1330924917,,"{""type"": ""LineString"", ""coordinates"": [[-81.1047018, 24.7106382], [-81.1047355, 24.7106386], [-81.1047967, 24.7106392], [-81.1048302, 24.7106368], [-81.1048545, 24.7106328], [-81.1048741, 24.7106239], [-81.1048916, 24.7106031], [-81.1049101, 24.7105827], [-81.1049211, 24.7105482], [-81.1049227, 24.7105323], [-81.1049217, 24.7105102], [-81.1049131, 24.7104862], [-81.1048897, 24.7104577], [-81.104867, 24.710442], [-81.1048484, 24.7104335], [-81.1048437, 24.7100699], [-81.1048435, 24.7100513]]}",4.0,33.7153596210144
1330924918,,"{""type"": ""LineString"", ""coordinates"": [[-81.1051733, 24.7102345], [-81.1051372, 24.7102267], [-81.1051001, 24.7102298], [-81.1050816, 24.7102373], [-81.1050662, 24.7102436], [-81.1050389, 24.7102665], [-81.1050211, 24.7102962], [-81.1050148, 24.7103294], [-81.1050205, 24.7103628], [-81.1050377, 24.7103928], [-81.1050646, 24.7104161], [-81.1050664, 24.7104398], [-81.1050653, 24.7104858], [-81.1050642, 24.7105331]]}",7.0,57.97713080921687
1330924920,,"{""type"": ""LineString"", ""coordinates"": [[-81.1051763, 24.7105337], [-81.1051768, 24.7104856], [-81.1051774, 24.7104338], [-81.1052057, 24.7104076], [-81.1052297, 24.71038], [-81.1052421, 24.7103467], [-81.1052417, 24.7103116], [-81.1052284, 24.7102786], [-81.1052048, 24.7102524], [-81.1051842, 24.7102406], [-81.1051733, 24.7102345]]}",7.0,73.10051200199266
1330924922,,"{""type"": ""LineString"", ""coordinates"": [[-81.1053352, 24.7106209], [-81.1053289, 24.7104852], [-81.1053984, 24.7104835], [-81.1053928, 24.7101278]]}",4.0,63.111247183775994
1379126921,,"{""type"": ""LineString"", ""coordinates"": [[-81.0947918, 24.7107367], [-81.094828, 24.7107425], [-81.0948601, 24.710742], [-81.0948864, 24.7107287], [-81.0948957, 24.7107096], [-81.0949154, 24.7106723], [-81.0949343, 24.7106365], [-81.0949308, 24.7106269], [-81.0950218, 24.7104625], [-81.0950417, 24.7104493], [-81.0950785, 24.7103745], [-81.0949816, 24.7100685]]}",6.0,146.32568459228946
1379126923,,"{""type"": ""LineString"", ""coordinates"": [[-81.0947918, 24.7107367], [-81.0947795, 24.7107214], [-81.0947772, 24.7107045], [-81.0947795, 24.7106864], [-81.0947819, 24.7106663], [-81.094776, 24.7106408], [-81.094762, 24.7106186], [-81.0947398, 24.7106005], [-81.0947165, 24.7105915], [-81.0945174, 24.7105581], [-81.0944847, 24.7105634], [-81.094462, 24.7105777], [-81.0944468, 24.7105931], [-81.0944345, 24.7106212], [-81.0944293, 24.7106509], [-81.0944176, 24.7106658], [-81.0943972, 24.71067], [-81.094375, 24.7106668], [-81.09434, 24.7106605], [-81.0943242, 24.710661], [-81.0942985, 24.7106636], [-81.0942699, 24.7106679], [-81.0942536, 24.7106631], [-81.0942466, 24.7106488], [-81.0942507, 24.7106313], [-81.0942664, 24.7106175], [-81.0942863, 24.7105984], [-81.0942904, 24.7105836], [-81.0942588, 24.710468], [-81.0941409, 24.7100989]]}",6.0,125.7877389017869
11117406,,"{""type"": ""LineString"", ""coordinates"": [[-81.1040544, 24.7088319], [-81.1040244, 24.7085463], [-81.1040234, 24.7083988], [-81.104054, 24.7082863], [-81.1041072, 24.7079728], [-81.1040451, 24.7078829], [-81.1039995, 24.7078242], [-81.1039762, 24.7077436], [-81.1039546, 24.7064666], [-81.1039423, 24.7049361]]}",7.0,20.629472397495615
11117805,,"{""type"": ""LineString"", ""coordinates"": [[-81.1055073, 24.7079779], [-81.1058417, 24.7079522], [-81.1059165, 24.7079036], [-81.1059303, 24.7078402], [-81.1059287, 24.7058896]]}",5.0,127.4687735696224
11117807,,"{""type"": ""LineString"", ""coordinates"": [[-81.1054652, 24.7058428], [-81.1055073, 24.7079779]]}",5.0,125.49771336699631
11117824,,"{""type"": ""LineString"", ""coordinates"": [[-81.1010151, 24.7083821], [-81.1010365, 24.7085503], [-81.1010312, 24.7086209], [-81.101022, 24.7086764], [-81.1010151, 24.7087184], [-81.1010151, 24.7087866]]}",7.0,97.694882778945
11117828,,"{""type"": ""LineString"", ""coordinates"": [[-81.1010038, 24.7060919], [-81.1010304, 24.7073926], [-81.1008976, 24.7074082], [-81.1008965, 24.7076465], [-81.1009314, 24.7076833], [-81.101007, 24.7077259], [-81.1013144, 24.7077925]]}",7.0,8.211320947375883
11119257,23rd Street Ocean,"{""type"": ""LineString"", ""coordinates"": [[-81.1021806, 24.7077149], [-81.1021848, 24.7091667]]}",7.0,157.33682271378967
11119692,24th Street Ocean,"{""type"": ""LineString"", ""coordinates"": [[-81.1014939, 24.7054217], [-81.1014714, 24.705804], [-81.1013183, 24.7059738], [-81.1013198, 24.7060442], [-81.1013144, 24.7077925], [-81.1013303, 24.7083992], [-81.1013301, 24.7084463], [-81.1013289, 24.7087263], [-81.101326, 24.7093863]]}",7.0,21.407554183186715
11121611,Halls Drive,"{""type"": ""LineString"", ""coordinates"": [[-81.1069581, 24.7085944], [-81.1069444, 24.7075457]]}",7.0,16.513669669692508
11122108,22nd Street Gulf,"{""type"": ""LineString"", ""coordinates"": [[-81.1023361, 24.7091303], [-81.1023472, 24.7092471], [-81.1023678, 24.7100393]]}",7.0,143.95228666120565
11122313,20th Ocean Street,"{""type"": ""LineString"", ""coordinates"": [[-81.1049536, 24.70803], [-81.1055073, 24.7079779]]}",5.0,125.49771336699631
11123193,22nd Street Ocean,"{""type"": ""LineString"", ""coordinates"": [[-81.1029292, 24.7069064], [-81.1029464, 24.7089858]]}",7.0,169.30177409216537
11123323,20th Street Ocean CR-931,"{""type"": ""LineString"", ""coordinates"": [[-81.1048516, 24.7049862], [-81.1048938, 24.7064058], [-81.1049226, 24.7073805]]}",5.0,28.307224131155472
27836281,17th Court,"{""type"": ""LineString"", ""coordinates"": [[-81.1069587, 24.7101391], [-81.1069174, 24.7088238], [-81.1069127, 24.7087009], [-81.1069581, 24.7085944]]}",7.0,108.84215458748176
85026172,20th Street Ocean,"{""type"": ""LineString"", ""coordinates"": [[-81.1049226, 24.7073805], [-81.1049536, 24.70803], [-81.1049903, 24.7087443]]}",5.0,75.47669683662706
301883873,,"{""type"": ""LineString"", ""coordinates"": [[-81.1043542, 24.7093974], [-81.1045471, 24.709574], [-81.1046365, 24.7097391], [-81.104467, 24.7099686], [-81.1042544, 24.7099714], [-81.1040572, 24.7098163]]}",7.0,85.55576737213386
366531960,,"{""type"": ""LineString"", ""coordinates"": [[-81.1026902, 24.709038], [-81.1027055, 24.7091521], [-81.1027197, 24.7096253]]}",7.0,149.90351745742305
525759376,,"{""type"": ""LineString"", ""coordinates"": [[-81.1054954, 24.7092754], [-81.1051563, 24.7093079], [-81.1049136, 24.7093274], [-81.104745, 24.7093409]]}",7.0,130.12642145517225
766407084,,"{""type"": ""LineString"", ""coordinates"": [[-81.1032999, 24.7084528], [-81.1032937, 24.7085923], [-81.1032834, 24.7089204]]}",7.0,124.54245889759645
766407085,,"{""type"": ""LineString"", ""coordinates"": [[-81.1039594, 24.7088396], [-81.1039523, 24.708665], [-81.1038611, 24.7086178], [-81.1037838, 24.7083897], [-81.1032999, 24.7084528]]}",7.0,103.88602712976846
828588061,U.S. Coast Guard - Station Marathon,"{""type"": ""LineString"", ""coordinates"": [[-81.106013, 24.7097712], [-81.1062534, 24.709765]]}",7.0,2.6770214157035523
828588063,,"{""type"": ""LineString"", ""coordinates"": [[-81.1059222, 24.7092985], [-81.1060069, 24.7093226], [-81.1060843, 24.7093412], [-81.1061018, 24.7093623], [-81.1061214, 24.709386], [-81.1061252, 24.7094507], [-81.1061123, 24.7094997], [-81.1060653, 24.7095183], [-81.1060137, 24.7095197], [-81.1059236, 24.7095445]]}",7.0,16.719929221704835
828588066,,"{""type"": ""LineString"", ""coordinates"": [[-81.1062536, 24.7093604], [-81.1062513, 24.7091592], [-81.1062604, 24.7091495], [-81.1063962, 24.7091461]]}",7.0,47.596218891350944
828588067,USCG,"{""type"": ""LineString"", ""coordinates"": [[-81.1062536, 24.7093604], [-81.1062005, 24.7093611], [-81.1061018, 24.7093623]]}",7.0,23.95648463568095
828588068,USCG,"{""type"": ""LineString"", ""coordinates"": [[-81.1062005, 24.7093611], [-81.1062015, 24.7095186], [-81.1062022, 24.7097283]]}",7.0,6.550407588533462
828588069,USCG,"{""type"": ""LineString"", ""coordinates"": [[-81.1061572, 24.7095189], [-81.1062015, 24.7095186], [-81.1063424, 24.7095175], [-81.1064349, 24.7095189], [-81.1065583, 24.7095855]]}",7.0,7.001749378228499
828588070,,"{""type"": ""LineString"", ""coordinates"": [[-81.1063454, 24.7094524], [-81.1063424, 24.7095175]]}",7.0,7.001749378228499
909540145,,"{""type"": ""LineString"", ""coordinates"": [[-81.106013, 24.7097712], [-81.1059268, 24.7097727]]}",7.0,19.11634601543504
943576657,,"{""type"": ""LineString"", ""coordinates"": [[-81.1049538, 24.7094045], [-81.1050863, 24.7094043]]}",7.0,110.7762634801541
943576658,,"{""type"": ""LineString"", ""coordinates"": [[-81.1050863, 24.7094043], [-81.1051261, 24.7093791], [-81.1051452, 24.7093517], [-81.1051563, 24.7093079]]}",7.0,107.42300547017696
943576659,,"{""type"": ""LineString"", ""coordinates"": [[-81.1049136, 24.7093274], [-81.1049307, 24.7093831], [-81.1049538, 24.7094045]]}",7.0,126.41769842309036
964601706,,"{""type"": ""LineString"", ""coordinates"": [[-81.1048445, 24.7044163], [-81.1048516, 24.7049862]]}",7.0,23.821999420635176
1330699157,19th Street,"{""type"": ""LineString"", ""coordinates"": [[-81.1046829, 24.7089964], [-81.1046812, 24.7088948], [-81.1046732, 24.7087724]]}",7.0,139.22328049294558
1330699158,19th Street,"{""type"": ""LineString"", ""coordinates"": [[-81.1045765, 24.7091793], [-81.1046002, 24.7092038], [-81.1046314, 24.7092199], [-81.1046668, 24.7092258], [-81.1047119, 24.7092479], [-81.104734, 24.7092054], [-81.104758, 24.7091876], [-81.1047731, 24.7091576], [-81.1047744, 24.7091169], [-81.1047666, 24.7090882], [-81.1047474, 24.7090616], [-81.1047116, 24.7090348], [-81.1046829, 24.7089964], [-81.1046516, 24.7090312], [-81.1046183, 24.7090412], [-81.1045903, 24.7090603], [-81.1045706, 24.7090866], [-81.1045611, 24.7091172], [-81.104563, 24.709149], [-81.1045765, 24.7091793]]}",7.0,157.83162473283275
1330924919,,"{""type"": ""LineString"", ""coordinates"": [[-81.1048437, 24.7100699], [-81.1050785, 24.7100677], [-81.1051813, 24.7100667], [-81.1051842, 24.7102406]]}",7.0,91.52958414993685
1330924923,,"{""type"": ""LineString"", ""coordinates"": [[-81.1053928, 24.7101278], [-81.1053057, 24.7101296], [-81.1052844, 24.7101254], [-81.1052641, 24.7101156], [-81.1051813, 24.7100667]]}",7.0,91.96135145554425
1330924925,,"{""type"": ""LineString"", ""coordinates"": [[-81.1050816, 24.7102373], [-81.1050785, 24.7100677]]}",7.0,85.92460358015599
1330924927,,"{""type"": ""LineString"", ""coordinates"": [[-81.1052471, 24.7097275], [-81.1050377, 24.7097313], [-81.1050429, 24.7099691], [-81.1050763, 24.7099685], [-81.1050769, 24.709992], [-81.1050785, 24.7100677]]}",7.0,95.62430303221495
11120062,27th Street Ocean,"{""type"": ""LineString"", ""coordinates"": [[-81.0980752, 24.7065758], [-81.0992172, 24.7099557]]}",8.0,122.6899657911903
11120632,25th Street Ocean,"{""type"": ""LineString"", ""coordinates"": [[-81.099686, 24.706785], [-81.1000704, 24.7079755], [-81.100248, 24.708589], [-81.1003287, 24.7088576], [-81.1005621, 24.7095812]]}",7.0,25.555871734455938
11120713,26th Street Ocean,"{""type"": ""LineString"", ""coordinates"": [[-81.098779, 24.7063965], [-81.0998727, 24.7097637]]}",8.0,72.6080415244459
11121036,29th Street Ocean,"{""type"": ""LineString"", ""coordinates"": [[-81.0970958, 24.7080812], [-81.097663, 24.7098847], [-81.0978026, 24.7103285]]}",8.0,38.89214147520142
11121527,28th Street Ocean,"{""type"": ""LineString"", ""coordinates"": [[-81.0973971, 24.7067863], [-81.0983658, 24.7097247], [-81.098504, 24.7101441]]}",8.0,97.76157757088706
11123409,Key Trailer Road,"{""type"": ""LineString"", ""coordinates"": [[-81.1006492, 24.7078636], [-81.1006718, 24.70808]]}",7.0,52.31668594326823
118775284,,"{""type"": ""LineString"", ""coordinates"": [[-81.1000644, 24.7099915], [-81.1000168, 24.7098557], [-81.0999699, 24.709738]]}",7.0,81.44243778209064
493478114,,"{""type"": ""LineString"", ""coordinates"": [[-81.1000644, 24.7099915], [-81.1000364, 24.7100053], [-81.1000164, 24.7100277], [-81.1000074, 24.7100554], [-81.1000107, 24.7100841], [-81.1000259, 24.7101095], [-81.1000506, 24.7101276], [-81.100081, 24.7101358], [-81.1001126, 24.7101328], [-81.1001406, 24.7101191], [-81.1001606, 24.7100966], [-81.1001696, 24.7100689], [-81.1001663, 24.7100402], [-81.1001511, 24.7100149], [-81.1001264, 24.7099967], [-81.100096, 24.7099885], [-81.1000644, 24.7099915]]}",7.0,112.73570428943692
766404814,,"{""type"": ""LineString"", ""coordinates"": [[-81.097663, 24.7098847], [-81.0983658, 24.7097247]]}",8.0,97.76157757088706
1030960902,,"{""type"": ""LineString"", ""coordinates"": [[-81.0893322, 24.7023805], [-81.0892205, 24.7023344], [-81.0891418, 24.7024043], [-81.0892116, 24.7025148]]}",5.0,27.37051211517149
1031414129,,"{""type"": ""LineString"", ""coordinates"": [[-81.0891742, 24.7023085], [-81.0891436, 24.7022697]]}",5.0,18.14956808493683
11117038,,"{""type"": ""LineString"", ""coordinates"": [[-81.0913754, 24.7105436], [-81.0908802, 24.7090348]]}",0.0,13.047615777747852
11122785,36th Street,"{""type"": ""LineString"", ""coordinates"": [[-81.091239, 24.7120719], [-81.0909573, 24.7112487], [-81.0907568, 24.7106627], [-81.0913754, 24.7105436], [-81.0919609, 24.7103865], [-81.0915905, 24.7091491]]}",4.0,32.893059026515935
190659945,Sombrero Boulevard,"{""type"": ""LineString"", ""coordinates"": [[-81.07645, 24.7138951], [-81.0767224, 24.7138258], [-81.0769421, 24.7137821], [-81.0771814, 24.7137387], [-81.0774248, 24.7136841], [-81.0775614, 24.7136505], [-81.0777342, 24.7136043], [-81.0778981, 24.7135507], [-81.0782454, 24.7134114], [-81.0783843, 24.7133491], [-81.0786544, 24.7132135], [-81.0788185, 24.7131191], [-81.0790582, 24.7129732], [-81.0792566, 24.7128395], [-81.07952, 24.7126303], [-81.0797908, 24.7124028], [-81.0802255, 24.7120471], [-81.0804155, 24.7119121], [-81.0804473, 24.7118895], [-81.0805285, 24.711814], [-81.0806696, 24.7116634], [-81.0809311, 24.7113453], [-81.0813984, 24.7107769], [-81.081516, 24.7106364], [-81.0815644, 24.7105642], [-81.0816081, 24.7104807], [-81.0816279, 24.7104342], [-81.0816447, 24.7103845], [-81.0816558, 24.7103124], [-81.0816816, 24.7101136], [-81.0816883, 24.7100668], [-81.0817056, 24.7100108], [-81.0817285, 24.7099626], [-81.0817566, 24.7099154], [-81.0817954, 24.7098754], [-81.0818414, 24.7098384], [-81.0819525, 24.709749], [-81.0822783, 24.7094705], [-81.0827322, 24.7090788], [-81.0831527, 24.7087398], [-81.0835419, 24.7084126], [-81.0836555, 24.70837], [-81.0837912, 24.7083529], [-81.0843044, 24.7082739], [-81.0845458, 24.7082152], [-81.0846956, 24.7081481], [-81.0848052, 24.7080708], [-81.0855597, 24.7074855], [-81.0865652, 24.706842], [-81.0871641, 24.7064473], [-81.0878876, 24.7059144], [-81.088885, 24.7051631], [-81.0893904, 24.7047678], [-81.0907719, 24.7036427], [-81.0909435, 24.7034929], [-81.0910052, 24.7033601], [-81.0910441, 24.7031724], [-81.0910481, 24.7030299], [-81.0910119, 24.7028654], [-81.090859, 24.7026205], [-81.0906082, 24.7022623], [-81.0904004, 24.7020308], [-81.0903078, 24.7019516], [-81.0902126, 24.7019114], [-81.0900892, 24.7019127], [-81.0899457, 24.701965], [-81.0896467, 24.7021332], [-81.0893704, 24.7023379], [-81.0893322, 24.7023805], [-81.0892116, 24.7025148], [-81.0890566, 24.7026875], [-81.0888849, 24.7028435], [-81.0887146, 24.7029166], [-81.0885711, 24.702958], [-81.0878883, 24.7034761], [-81.0863889, 24.7048637], [-81.0860434, 24.7050778], [-81.085834, 24.7051512], [-81.0856389, 24.70517], [-81.0848819, 24.7050267], [-81.0845364, 24.7050615], [-81.08437, 24.705143], [-81.084123, 24.7053284], [-81.0838806, 24.7054887], [-81.0834466, 24.7056649], [-81.083137, 24.7057349], [-81.082861, 24.70571], [-81.0823823, 24.7055872]]}",6.0,125.7308167031284
1027101685,,"{""type"": ""LineString"", ""coordinates"": [[-81.0858256, 24.7056014], [-81.0861361, 24.7056938], [-81.0862968, 24.7057253], [-81.0863405, 24.7056729], [-81.0864017, 24.7056114], [-81.0864767, 24.7055514], [-81.0865611, 24.7055006], [-81.087199, 24.7052245], [-81.0874885, 24.704989], [-81.0877137, 24.7047204], [-81.087935, 24.7044185], [-81.0881175, 24.7041922], [-81.0887115, 24.703438], [-81.0889086, 24.7032492], [-81.0890152, 24.7031179], [-81.0891264, 24.7029513], [-81.0892927, 24.7028046], [-81.0894973, 24.7026412], [-81.0896008, 24.7025275], [-81.0896889, 24.7023596], [-81.0897521, 24.7022704], [-81.0897739, 24.7022499], [-81.0898148, 24.7022343], [-81.0898577, 24.7022418], [-81.0898757, 24.7022819], [-81.0898923, 24.7023287], [-81.08991, 24.7023934], [-81.0899425, 24.7026231], [-81.0899512, 24.7026481], [-81.0900761, 24.7027256]]}",5.0,67.57814704256998
1030946692,,"{""type"": ""LineString"", ""coordinates"": [[-81.0891863, 24.7043337], [-81.0888541, 24.7046825], [-81.0888322, 24.7047125], [-81.0888108, 24.704749], [-81.0888077, 24.7047828], [-81.0888109, 24.7048165], [-81.0888157, 24.7048532], [-81.0888212, 24.7048958], [-81.0888219, 24.7049306], [-81.0888092, 24.7049641], [-81.0887426, 24.7050319]]}",8.0,73.54608109674764
1379126924,,"{""type"": ""LineString"", ""coordinates"": [[-81.0940827, 24.7099839], [-81.0941116, 24.7100247]]}",8.0,49.267874519470034
1379126925,,"{""type"": ""LineString"", ""coordinates"": [[-81.0941409, 24.7100989], [-81.094127, 24.7100613], [-81.0941116, 24.7100247]]}",8.0,53.407507082886646
601108897,Fanny Key Road,"{""type"": ""LineString"", ""coordinates"": [[-81.109015, 24.7130484], [-81.109039, 24.712952], [-81.1090685, 24.7128642], [-81.1090967, 24.7128216], [-81.1091638, 24.7127814], [-81.1092778, 24.7127716], [-81.1093542, 24.7127911], [-81.1094333, 24.7128313], [-81.1094897, 24.7128752], [-81.1095487, 24.712902]]}",0.0,10.459085449550566
11120977,Palm Island Avenue,"{""type"": ""LineString"", ""coordinates"": [[-81.1066837, 24.7116494], [-81.1066535, 24.711742], [-81.1066321, 24.711859], [-81.1066535, 24.7120051], [-81.1067293, 24.7122118], [-81.1067325, 24.7123082], [-81.1060832, 24.7125718]]}",0.0,10.193276192152902
119006577,Palm Island Avenue,"{""type"": ""LineString"", ""coordinates"": [[-81.1066737, 24.7109172], [-81.1066837, 24.7116494]]}",0.0,0.7466648799319419
525759374,,"{""type"": ""LineString"", ""coordinates"": [[-81.1036226, 24.7111815], [-81.1037661, 24.7106258], [-81.103782, 24.7106043], [-81.1038037, 24.7105983], [-81.1047748, 24.7105986]]}",0.0,17.061994944473156
1330699159,19th Street,"{""type"": ""LineString"", ""coordinates"": [[-81.1047994, 24.7106071], [-81.1048258, 24.7106074], [-81.1048507, 24.7105996], [-81.1048712, 24.7105846], [-81.1048849, 24.7105641], [-81.10489, 24.7105429], [-81.1048888, 24.7105321], [-81.1048877, 24.7105214], [-81.1048782, 24.7105015], [-81.1048624, 24.7104853], [-81.1048419, 24.7104743], [-81.1048186, 24.7104695], [-81.1047479, 24.7104441], [-81.1047419, 24.710515], [-81.1047372, 24.7105386], [-81.1047417, 24.7105622], [-81.1047547, 24.7105831], [-81.1047748, 24.7105986], [-81.1047994, 24.7106071]]}",4.0,34.860357777689565
1330924915,,"{""type"": ""LineString"", ""coordinates"": [[-81.1048888, 24.7105321], [-81.1049227, 24.7105323], [-81.1050642, 24.7105331], [-81.1051123, 24.7105334], [-81.1051103, 24.7106287]]}",4.0,46.600449622079104
1330924916,,"{""type"": ""LineString"", ""coordinates"": [[-81.1051123, 24.7105334], [-81.1051763, 24.7105337], [-81.1053029, 24.7105345]]}",4.0,56.68112066359128
1330924921,,"{""type"": ""LineString"", ""coordinates"": [[-81.1049131, 24.7104862], [-81.1050653, 24.7104858], [-81.1051768, 24.7104856], [-81.1053289, 24.7104852]]}",4.0,59.117287463560814
1330924926,,"{""type"": ""LineString"", ""coordinates"": [[-81.1036226, 24.7111815], [-81.1036261, 24.7111984], [-81.1036391, 24.7112104], [-81.104828, 24.7116321], [-81.104843, 24.7116458], [-81.104858, 24.7117908]]}",4.0,4.807606603426786
1330924931,,"{""type"": ""LineString"", ""coordinates"": [[-81.1030046, 24.7116891], [-81.1030052, 24.7115307], [-81.1030055, 24.7114732], [-81.1030063, 24.7112763], [-81.1032607, 24.7112898], [-81.1032847, 24.7113721], [-81.1033028, 24.7115256], [-81.1032914, 24.7116924]]}",0.0,6.360834141396255
1330924932,,"{""type"": ""LineString"", ""coordinates"": [[-81.1030052, 24.7115307], [-81.1030436, 24.7115298]]}",0.0,0.0
1330924933,,"{""type"": ""LineString"", ""coordinates"": [[-81.1030055, 24.7114732], [-81.1030419, 24.7114729]]}",0.0,0.0
1331101044,,"{""type"": ""LineString"", ""coordinates"": [[-81.1047355, 24.7106386], [-81.1047301, 24.7110482], [-81.10511, 24.7111419], [-81.1051826, 24.7111411], [-81.1055592, 24.7109778], [-81.1055567, 24.7108285]]}",4.0,6.487069751045966
1331101045,,"{""type"": ""LineString"", ""coordinates"": [[-81.1055567, 24.7108285], [-81.1055521, 24.7106932], [-81.1055423, 24.7106449], [-81.1055133, 24.7105641]]}",4.0,40.70830061894441
11116512,,"{""type"": ""LineString"", ""coordinates"": [[-81.0951329, 24.7123992], [-81.0955607, 24.7122909], [-81.0956353, 24.712272], [-81.0958818, 24.7122098]]}",6.0,36.05309057228281
11122102,33rd Street Gulf,"{""type"": ""LineString"", ""coordinates"": [[-81.0955029, 24.7136147], [-81.0951329, 24.7123992], [-81.0947682, 24.7112431], [-81.0947368, 24.7111439]]}",6.0,173.41502061701675
118774893,,"{""type"": ""LineString"", ""coordinates"": [[-81.0984497, 24.7111905], [-81.0985436, 24.7111783], [-81.0986669, 24.711171], [-81.0987662, 24.7111954], [-81.0989191, 24.7112441], [-81.0989571, 24.7112654]]}",8.0,23.438955676641882
118774897,,"{""type"": ""LineString"", ""coordinates"": [[-81.1002468, 24.7105521], [-81.1002065, 24.7106033], [-81.1001824, 24.710674], [-81.100177, 24.7107324], [-81.1002092, 24.710864], [-81.100228, 24.7109688], [-81.100228, 24.7110589], [-81.1002145, 24.7111613], [-81.1002119, 24.7111808], [-81.1001797, 24.7112709], [-81.1001572, 24.7113495]]}",0.0,68.18722679287056
118774898,,"{""type"": ""LineString"", ""coordinates"": [[-81.0994287, 24.7109883], [-81.0995279, 24.7109688], [-81.0995762, 24.7109834], [-81.0996325, 24.7109883], [-81.0997318, 24.710998], [-81.0999034, 24.7110346], [-81.1000027, 24.7110809], [-81.1001153, 24.7111247], [-81.1001582, 24.711132], [-81.1002145, 24.7111613]]}",8.0,39.780877354387
301883885,,"{""type"": ""LineString"", ""coordinates"": [[-81.0955029, 24.7136147], [-81.0958984, 24.7136157]]}",0.0,6.772301828797111
394715378,,"{""type"": ""LineString"", ""coordinates"": [[-81.0957898, 24.7108782], [-81.0956488, 24.7104739], [-81.0956242, 24.7104501], [-81.095585, 24.7104598]]}",6.0,73.74491965420255
525759354,,"{""type"": ""LineString"", ""coordinates"": [[-81.0972055, 24.7121713], [-81.0971223, 24.7119355]]}",6.0,81.11787056209893
525759355,,"{""type"": ""LineString"", ""coordinates"": [[-81.0973689, 24.711451], [-81.0972693, 24.7115801], [-81.097218, 24.7116234], [-81.0970574, 24.711759], [-81.0971223, 24.7119355], [-81.0973074, 24.7118839], [-81.0974886, 24.7118335], [-81.0976684, 24.7117834], [-81.0978422, 24.711735], [-81.0976836, 24.7111717]]}",6.0,78.77164478731353
525759360,,"{""type"": ""LineString"", ""coordinates"": [[-81.096874, 24.7127567], [-81.0967544, 24.7125437], [-81.0966872, 24.7124298], [-81.0966143, 24.7123307], [-81.0965484, 24.7122611]]}",6.0,30.822672526620934
525759361,,"{""type"": ""LineString"", ""coordinates"": [[-81.0957077, 24.7120312], [-81.0957419, 24.7120938], [-81.0958022, 24.7121508], [-81.0958818, 24.7122098], [-81.0959719, 24.7122692], [-81.0960881, 24.7123102], [-81.0961883, 24.7123194], [-81.0963694, 24.7122966], [-81.0964936, 24.7122738], [-81.0965484, 24.7122611], [-81.0967635, 24.7122111], [-81.0968455, 24.7121872]]}",6.0,20.81701415977754
525759363,,"{""type"": ""LineString"", ""coordinates"": [[-81.0957077, 24.7120312], [-81.0956917, 24.712071], [-81.0956553, 24.7121588], [-81.095612, 24.7122351], [-81.0955607, 24.7122909]]}",6.0,47.256136191635264
525759365,,"{""type"": ""LineString"", ""coordinates"": [[-81.0953068, 24.7116918], [-81.0955778, 24.7116154], [-81.0956655, 24.7118854], [-81.0957077, 24.7120312]]}",6.0,75.11884513676216
766517476,,"{""type"": ""LineString"", ""coordinates"": [[-81.0959814, 24.7108253], [-81.0960643, 24.7109008], [-81.0963004, 24.7114116], [-81.0963755, 24.7114116], [-81.0964721, 24.711358], [-81.0963272, 24.7108314], [-81.0963004, 24.7107371]]}",6.0,123.57956176822198
1176298759,,"{""type"": ""LineString"", ""coordinates"": [[-81.0955142, 24.7104782], [-81.0954913, 24.7104844], [-81.0954831, 24.7105201], [-81.0955741, 24.7108008], [-81.0956149, 24.7109266]]}",6.0,89.93016098005582
1176298760,,"{""type"": ""LineString"", ""coordinates"": [[-81.095585, 24.7104598], [-81.095552, 24.710468], [-81.0955142, 24.7104782]]}",6.0,81.25631932975504
1379126911,,"{""type"": ""LineString"", ""coordinates"": [[-81.0947368, 24.7111439], [-81.0947018, 24.7110513], [-81.0946636, 24.7109503]]}",6.0,177.35012878117027
1379126912,,"{""type"": ""LineString"", ""coordinates"": [[-81.0946636, 24.7109503], [-81.0947197, 24.7107707]]}",6.0,151.65793751135396
1379126913,,"{""type"": ""LineString"", ""coordinates"": [[-81.094585, 24.7107476], [-81.0946167, 24.7108915], [-81.0946636, 24.7109503]]}",6.0,157.6805456331081
1379126914,,"{""type"": ""LineString"", ""coordinates"": [[-81.0947867, 24.7110301], [-81.0948264, 24.711029], [-81.0948382, 24.7110259], [-81.094959, 24.710994], [-81.0950033, 24.7109585], [-81.0951557, 24.710924], [-81.0952339, 24.7108795], [-81.0953851, 24.7108365], [-81.0954802, 24.7108137], [-81.0955386, 24.7108084], [-81.0955741, 24.7108008], [-81.0956057, 24.7107941], [-81.0957184, 24.7107771]]}",6.0,131.78914135600692
1379126915,,"{""type"": ""LineString"", ""coordinates"": [[-81.0946558, 24.711274], [-81.0946176, 24.7111754], [-81.0945813, 24.7110815], [-81.0947018, 24.7110513], [-81.0947867, 24.7110301], [-81.0948242, 24.7111225], [-81.094863, 24.7112181]]}",6.0,177.35012878117027
1379126916,,"{""type"": ""LineString"", ""coordinates"": [[-81.0945813, 24.7110815], [-81.0945492, 24.7110974], [-81.0944318, 24.7111287], [-81.0943519, 24.7111494]]}",6.0,172.91851054933034
1379126919,,"{""type"": ""LineString"", ""coordinates"": [[-81.0948382, 24.7110259], [-81.0948164, 24.7109419], [-81.0948012, 24.7109196], [-81.0947843, 24.7108942], [-81.0947702, 24.710864], [-81.0947697, 24.710839], [-81.0947743, 24.7108178]]}",6.0,166.87546148828196
1379126920,,"{""type"": ""LineString"", ""coordinates"": [[-81.0947743, 24.7108178], [-81.094783, 24.7107776], [-81.0947918, 24.7107367]]}",6.0,155.31672187067505
1379126922,,"{""type"": ""LineString"", ""coordinates"": [[-81.0949154, 24.7106723], [-81.0948957, 24.7106636], [-81.0948782, 24.7106626], [-81.0948525, 24.7106642], [-81.094835, 24.7106732], [-81.0948169, 24.7106843], [-81.0947971, 24.7106891], [-81.0947795, 24.7106864]]}",6.0,148.002933121861
1379126943,,"{""type"": ""LineString"", ""coordinates"": [[-81.0975151, 24.7113212], [-81.0976684, 24.7117834]]}",6.0,52.88357359752426
1379126944,,"{""type"": ""LineString"", ""coordinates"": [[-81.0973689, 24.711451], [-81.0974886, 24.7118335]]}",6.0,66.02983299883445
1379126945,,"{""type"": ""LineString"", ""coordinates"": [[-81.097218, 24.7116234], [-81.0973074, 24.7118839]]}",6.0,78.77164478731353
85104884,,"{""type"": ""LineString"", ""coordinates"": [[-81.0947197, 24.7107707], [-81.0947285, 24.71069], [-81.0947295, 24.7106625], [-81.0947118, 24.7106398], [-81.0945173, 24.710602], [-81.0944892, 24.7106112], [-81.0944691, 24.710635], [-81.094461, 24.7107209], [-81.0944343, 24.7108677], [-81.0943699, 24.7108945], [-81.0941786, 24.7109445]]}",6.0,124.47249760057502
766517475,,"{""type"": ""LineString"", ""coordinates"": [[-81.0941029, 24.7107621], [-81.094229, 24.7107297], [-81.0943157, 24.7107074], [-81.094461, 24.7107209], [-81.094585, 24.7107476], [-81.0947197, 24.7107707]]}",6.0,133.2946493277633
11115660,Charnie Street,"{""type"": ""LineString"", ""coordinates"": [[-81.0919264, 24.7134486], [-81.0915839, 24.7124369]]}",4.0,129.84360374471567
11118647,Tuskeegee Street,"{""type"": ""LineString"", ""coordinates"": [[-81.0891214, 24.7137788], [-81.0882743, 24.7140231]]}",5.0,126.74122639145517
11119101,39th Street Gulf,"{""type"": ""LineString"", ""coordinates"": [[-81.0895299, 24.7150632], [-81.089239, 24.7141651], [-81.0891214, 24.7137788], [-81.08902, 24.7134454], [-81.088826, 24.7128325], [-81.0887895, 24.7127187]]}",5.0,101.6638449538221
11120252,Louisa Street,"{""type"": ""LineString"", ""coordinates"": [[-81.089239, 24.7141651], [-81.0903333, 24.7138724], [-81.090359, 24.7138651], [-81.0911258, 24.7136605]]}",7.0,56.79283250074982
11120588,35 Street,"{""type"": ""LineString"", ""coordinates"": [[-81.0931996, 24.7138667], [-81.0929841, 24.71317], [-81.0927827, 24.7125188], [-81.0925684, 24.7118257], [-81.0925363, 24.7117258]]}",6.0,151.8822952023578
11121800,37th Street Gulf,"{""type"": ""LineString"", ""coordinates"": [[-81.0911258, 24.7136605], [-81.0906968, 24.7123385], [-81.0906584, 24.7122184]]}",4.0,162.2826502106024
11123591,Washington Street,"{""type"": ""LineString"", ""coordinates"": [[-81.08902, 24.7134454], [-81.0881357, 24.7136898]]}",5.0,151.53650843508206
85105715,,"{""type"": ""LineString"", ""coordinates"": [[-81.0887895, 24.7127187], [-81.0887131, 24.7125293], [-81.0886487, 24.7125001], [-81.0885736, 24.7125098], [-81.0883301, 24.712595], [-81.0882251, 24.7126012], [-81.0880295, 24.7119883]]}",5.0,214.94781547082
85105716,,"{""type"": ""LineString"", ""coordinates"": [[-81.0877818, 24.7120509], [-81.0880295, 24.7119883], [-81.0880887, 24.7119424], [-81.088122, 24.7118963], [-81.0879299, 24.711311], [-81.0891424, 24.7110385], [-81.0893574, 24.7109761], [-81.0896883, 24.7108402], [-81.0898621, 24.7107968], [-81.0899512, 24.7108001], [-81.0900759, 24.7108213], [-81.0901784, 24.7108113], [-81.0907568, 24.7106627]]}",5.0,121.62342298833829
85105719,,"{""type"": ""LineString"", ""coordinates"": [[-81.0884106, 24.712825], [-81.0883301, 24.712595], [-81.0883076, 24.7125318], [-81.0882303, 24.7122857], [-81.0882517, 24.7122077], [-81.088241, 24.7121395], [-81.0881659, 24.7120713], [-81.0881346, 24.7120072], [-81.0881619, 24.7119487], [-81.0881689, 24.7118875], [-81.0880372, 24.711467], [-81.0880468, 24.7114369], [-81.0880737, 24.7114105], [-81.0885352, 24.7112918], [-81.0885215, 24.7112417], [-81.0887761, 24.7111657], [-81.0888004, 24.7112245], [-81.0891903, 24.7111187], [-81.0892638, 24.711112], [-81.0893631, 24.7111965]]}",5.0,88.26841436274623
85105720,,"{""type"": ""LineString"", ""coordinates"": [[-81.0889215, 24.7126836], [-81.088868, 24.7125718], [-81.0887638, 24.712514], [-81.0886669, 24.7124442], [-81.0885433, 24.7124564], [-81.0883076, 24.7125318]]}",5.0,211.99675961773443
85105724,,"{""type"": ""LineString"", ""coordinates"": [[-81.0906584, 24.7122184], [-81.0904404, 24.7121005], [-81.0903868, 24.712042], [-81.090376, 24.71212], [-81.0903125, 24.7123056]]}",4.0,204.6915886503694
85105730,,"{""type"": ""LineString"", ""coordinates"": [[-81.091124, 24.7121009], [-81.0909654, 24.7115619], [-81.0909039, 24.7113592], [-81.0908588, 24.7113403], [-81.0908052, 24.7113013], [-81.0908052, 24.7112233], [-81.0908388, 24.711145], [-81.0907086, 24.7107165], [-81.0901043, 24.7108866], [-81.0899469, 24.7109309]]}",4.0,126.86547188705721
85105731,,"{""type"": ""LineString"", ""coordinates"": [[-81.0908052, 24.7113013], [-81.0905215, 24.7113736], [-81.0902271, 24.7114534]]}",4.0,157.1919609091208
85105740,,"{""type"": ""LineString"", ""coordinates"": [[-81.0909654, 24.7115619], [-81.0906192, 24.7116547], [-81.0902881, 24.7117434]]}",4.0,177.7154187192741
85105741,,"{""type"": ""LineString"", ""coordinates"": [[-81.0906192, 24.7116547], [-81.0905215, 24.7113736], [-81.0904941, 24.7112623]]}",4.0,157.1919609091208
347327759,Gulfview West Avenue,"{""type"": ""LineString"", ""coordinates"": [[-81.0904369, 24.7140652], [-81.0904697, 24.7141517], [-81.0905125, 24.7142705], [-81.0905942, 24.7142614], [-81.0906811, 24.7142605], [-81.0908277, 24.7142881], [-81.0909241, 24.7143405], [-81.0910047, 24.714448], [-81.0910592, 24.7145917], [-81.0910909, 24.7147137]]}",7.0,57.469791247649745
351713184,35th Street Ocean,"{""type"": ""LineString"", ""coordinates"": [[-81.0909573, 24.7112487], [-81.0911809, 24.7112147], [-81.0912264, 24.7112757], [-81.091354, 24.7116344], [-81.0913908, 24.7116756], [-81.0915423, 24.7116678], [-81.0921729, 24.7114899], [-81.092486, 24.7114293], [-81.0925704, 24.7117168]]}",4.0,157.28150698929838
367288641,,"{""type"": ""LineString"", ""coordinates"": [[-81.0913651, 24.7120383], [-81.0913967, 24.7121437], [-81.0915117, 24.7122879], [-81.0917014, 24.7122955], [-81.0918311, 24.7123158], [-81.0919943, 24.7122993], [-81.0920905, 24.7123196]]}",8.0,145.82516981064936
583942145,,"{""type"": ""LineString"", ""coordinates"": [[-81.0899469, 24.7109309], [-81.0899201, 24.7108652], [-81.0898846, 24.7108386], [-81.0897696, 24.7108766], [-81.0895941, 24.710962], [-81.0894687, 24.7110816], [-81.0893788, 24.7111709], [-81.0893631, 24.7111965], [-81.0893621, 24.7112354], [-81.0893621, 24.7113949], [-81.0894185, 24.7116379], [-81.0895481, 24.7119663]]}",5.0,141.42256514820696
583942147,,"{""type"": ""LineString"", ""coordinates"": [[-81.0903868, 24.712042], [-81.0902881, 24.7117434], [-81.0902754, 24.7116322], [-81.0902271, 24.7114534], [-81.0901186, 24.7112267], [-81.0900549, 24.7111039], [-81.0900455, 24.710981], [-81.089964, 24.710962], [-81.0899469, 24.7109309]]}",4.0,138.73935603748086
583942149,,"{""type"": ""LineString"", ""coordinates"": [[-81.0900455, 24.710981], [-81.0901043, 24.7108866]]}",4.0,100.86002859829307
583942151,,"{""type"": ""LineString"", ""coordinates"": [[-81.0895481, 24.7119663], [-81.0896526, 24.7120461], [-81.0896171, 24.7121505], [-81.0896213, 24.7122739], [-81.0896651, 24.712384]]}",4.0,223.5863040821073
766517463,,"{""type"": ""LineString"", ""coordinates"": [[-81.0905125, 24.7142705], [-81.0904564, 24.7142862], [-81.0904054, 24.7143067], [-81.0903265, 24.7143642], [-81.0902619, 24.7144311], [-81.0902135, 24.7145054], [-81.0901652, 24.7146427], [-81.0901657, 24.7147383], [-81.0901926, 24.7148359], [-81.0902686, 24.7150699], [-81.0902682, 24.7150918], [-81.0902634, 24.7151084], [-81.0902494, 24.7151428], [-81.0902126, 24.7152064], [-81.0902044, 24.7152313], [-81.0902079, 24.7152561], [-81.0902224, 24.715282], [-81.0902501, 24.7152919], [-81.0906173, 24.7153046]]}",4.0,31.385658818365854
766517464,,"{""type"": ""LineString"", ""coordinates"": [[-81.0918677, 24.7134641], [-81.0919857, 24.7139275], [-81.0920514, 24.714329]]}",6.0,25.416797620656997
766517465,,"{""type"": ""LineString"", ""coordinates"": [[-81.0933908, 24.7145805], [-81.0931996, 24.7138667]]}",6.0,27.06153912858039
766517466,,"{""type"": ""LineString"", ""coordinates"": [[-81.0927471, 24.7148097], [-81.0933765, 24.7146895], [-81.0934023, 24.7146372], [-81.0933908, 24.7145805]]}",0.0,3.5363339990961364
766517467,,"{""type"": ""LineString"", ""coordinates"": [[-81.091546, 24.7135493], [-81.0914602, 24.713255], [-81.0913207, 24.712909], [-81.0913046, 24.7127725]]}",7.0,82.57837732906107
766517468,,"{""type"": ""LineString"", ""coordinates"": [[-81.0903125, 24.7123056], [-81.0903179, 24.7124386], [-81.0904519, 24.7130259]]}",4.0,169.297751820351
766517469,,"{""type"": ""LineString"", ""coordinates"": [[-81.0900713, 24.7131892], [-81.0904564, 24.7131063], [-81.0904519, 24.7130259]]}",7.0,103.46613883222378
766517470,,"{""type"": ""LineString"", ""coordinates"": [[-81.092486, 24.7114293], [-81.0924768, 24.7113381], [-81.0923733, 24.7110025], [-81.0922445, 24.7105933]]}",8.0,113.17874050007009
766517471,,"{""type"": ""LineString"", ""coordinates"": [[-81.0923733, 24.7110025], [-81.0930384, 24.7108271]]}",8.0,132.89926003315222
766517472,,"{""type"": ""LineString"", ""coordinates"": [[-81.0930384, 24.7108271], [-81.0931197, 24.7108693], [-81.0932823, 24.7113243], [-81.093349, 24.7115109]]}",8.0,189.25160530611976
766517473,,"{""type"": ""LineString"", ""coordinates"": [[-81.0923733, 24.7110025], [-81.0922859, 24.7109709], [-81.0918906, 24.7110632], [-81.0914258, 24.7111685], [-81.0913165, 24.7111974]]}",8.0,97.6036943528557
965171971,,"{""type"": ""LineString"", ""coordinates"": [[-81.0903289, 24.7140274], [-81.0903494, 24.7140495], [-81.0903769, 24.714064], [-81.0904082, 24.7140692], [-81.0904369, 24.7140652], [-81.090464, 24.7140531], [-81.0904849, 24.714034], [-81.0904981, 24.7140099], [-81.0905024, 24.7139833], [-81.0904972, 24.7139568], [-81.0904831, 24.7139331], [-81.0904616, 24.7139146], [-81.0904347, 24.7139032], [-81.0904053, 24.7139001], [-81.0903742, 24.7139062], [-81.0903472, 24.7139215], [-81.0903274, 24.7139441], [-81.0903172, 24.7139715], [-81.0903177, 24.7140004], [-81.0903289, 24.7140274]]}",7.0,64.5329379631698
965171972,,"{""type"": ""LineString"", ""coordinates"": [[-81.090359, 24.7138651], [-81.0903742, 24.7139062]]}",7.0,55.77695635800865
965171974,,"{""type"": ""LineString"", ""coordinates"": [[-81.0910084, 24.7148076], [-81.0910192, 24.7148329], [-81.0910388, 24.7148535], [-81.091065, 24.7148667], [-81.0910945, 24.714871], [-81.0911214, 24.7148668], [-81.0911455, 24.7148553], [-81.0911644, 24.7148375], [-81.0911763, 24.7148152], [-81.09118, 24.7147907], [-81.0911752, 24.7147664], [-81.0911623, 24.7147446], [-81.0911425, 24.7147275], [-81.0911179, 24.7147169], [-81.0910909, 24.7147137], [-81.0910616, 24.7147192], [-81.0910361, 24.7147334], [-81.0910174, 24.7147546], [-81.0910078, 24.7147804], [-81.0910084, 24.7148076]]}",4.0,39.06227467048698
965171975,Louisa Street,"{""type"": ""LineString"", ""coordinates"": [[-81.0911258, 24.7136605], [-81.091546, 24.7135493], [-81.0918677, 24.7134641], [-81.0919264, 24.7134486], [-81.0929841, 24.71317]]}",6.0,30.041623556364723
965171976,37th Street Gulf,"{""type"": ""LineString"", ""coordinates"": [[-81.0915211, 24.7149063], [-81.0913963, 24.7145073], [-81.0911258, 24.7136605]]}",7.0,9.374874560307244
1379126927,,"{""type"": ""LineString"", ""coordinates"": [[-81.0940861, 24.711316], [-81.0939099, 24.7107904]]}",6.0,123.46149398792818
1379126929,,"{""type"": ""LineString"", ""coordinates"": [[-81.0939556, 24.7107851], [-81.0939833, 24.7107444]]}",6.0,119.30191562898924
357490235,41st Street Ocean,"{""type"": ""LineString"", ""coordinates"": [[-81.086854, 24.7132405], [-81.0868254, 24.7122049], [-81.0868331, 24.7121472], [-81.0869101, 24.7120894], [-81.0869159, 24.7117867]]}",7.0,120.34569266207458
11119618,Gulfview Avenue,"{""type"": ""LineString"", ""coordinates"": [[-81.089239, 24.7141651], [-81.0876424, 24.7145679]]}",5.0,169.1494398757759
11122401,41st Street Gulf,"{""type"": ""LineString"", ""coordinates"": [[-81.0881004, 24.7159653], [-81.0878287, 24.7151363], [-81.0876424, 24.7145679], [-81.0872185, 24.7132727], [-81.087189, 24.7131617]]}",5.0,169.1494398757759
45528726,Overseas Highway,"{""type"": ""LineString"", ""coordinates"": [[-81.0770736, 24.7158791], [-81.0771248, 24.7158649], [-81.0778719, 24.7156573], [-81.0784948, 24.7154843], [-81.0790234, 24.7153316], [-81.0791326, 24.7153001], [-81.0793584, 24.7152348], [-81.0797858, 24.7151326], [-81.0804259, 24.7149468], [-81.081078, 24.714775], [-81.0814052, 24.7146963], [-81.0815959, 24.7146468], [-81.0817772, 24.7146003], [-81.0819847, 24.7145471], [-81.0821348, 24.7145086], [-81.0824422, 24.7144298], [-81.08253, 24.7144065], [-81.0827544, 24.714347], [-81.0827952, 24.7143362], [-81.0831403, 24.7142446], [-81.0834254, 24.714169], [-81.0838042, 24.714057], [-81.0847302, 24.7138067], [-81.0850501, 24.7137212], [-81.0853893, 24.7136306], [-81.0859847, 24.7134701], [-81.0867184, 24.7132724], [-81.086854, 24.7132405], [-81.0869328, 24.713222], [-81.087189, 24.7131617], [-81.0881064, 24.7129157], [-81.0884106, 24.712825], [-81.0887895, 24.7127187], [-81.0889215, 24.7126836], [-81.0897391, 24.7124588], [-81.0903125, 24.7123056], [-81.0906584, 24.7122184], [-81.091124, 24.7121009], [-81.091239, 24.7120719]]}",7.0,172.99303396014437
766515976,,"{""type"": ""LineString"", ""coordinates"": [[-81.0878287, 24.7151363], [-81.0872404, 24.7153068], [-81.0870258, 24.7153556]]}",6.0,87.86066283553038
